device_bk,model,installation_date,is_active
DEVICE_00001,IoT-X2,2022-12-26,True
DEVICE_00002,IoT-X2,2023-04-02,True
DEVICE_00003,IoT-PRO,2022-03-31,True
DEVICE_00004,IoT-X1,2024-01-16,True
DEVICE_00005,IoT-X2,2024-01-30,True
DEVICE_00006,IoT-X2,2023-03-30,True
DEVICE_00007,IoT-X2,2022-06-17,True
DEVICE_00008,IoT-PRO,2023-03-11,True
DEVICE_00009,IoT-PRO,2023-03-01,True
DEVICE_00010,IoT-X1,2023-08-25,True
DEVICE_00011,IoT-PRO,2022-03-30,True
DEVICE_00012,IoT-X1,2022-08-01,True
DEVICE_00013,IoT-X2,2023-05-02,True
DEVICE_00014,IoT-PRO,2022-12-10,True
DEVICE_00015,IoT-X1,2023-08-28,True
DEVICE_00016,IoT-X2,2022-04-01,True
DEVICE_00017,IoT-X1,2023-02-24,True
DEVICE_00018,IoT-PRO,2022-10-07,True
DEVICE_00019,IoT-X2,2022-06-29,True
DEVICE_00020,IoT-PRO,2023-04-19,True
DEVICE_00021,IoT-PRO,2023-08-05,True
DEVICE_00022,IoT-X1,2022-07-24,True
DEVICE_00023,IoT-X1,2023-01-26,True
DEVICE_00024,IoT-X2,2023-07-22,True
DEVICE_00025,IoT-X2,2022-02-13,True
DEVICE_00026,IoT-X2,2023-08-23,True
DEVICE_00027,IoT-X2,2023-05-21,True
DEVICE_00028,IoT-PRO,2024-01-28,True
DEVICE_00029,IoT-X2,2022-08-18,True
DEVICE_00030,IoT-X1,2022-01-03,True
DEVICE_00031,IoT-X1,2022-09-26,True
DEVICE_00032,IoT-X2,2023-10-18,True
DEVICE_00033,IoT-PRO,2023-04-29,True
DEVICE_00034,IoT-X1,2023-11-01,True
DEVICE_00035,IoT-PRO,2022-10-22,True
DEVICE_00036,IoT-X2,2022-07-03,True
DEVICE_00037,IoT-X2,2023-12-06,True
DEVICE_00038,IoT-PRO,2022-09-08,True
DEVICE_00039,IoT-X1,2022-05-03,True
DEVICE_00040,IoT-X2,2023-05-20,True
DEVICE_00041,IoT-X1,2023-09-06,True
DEVICE_00042,IoT-PRO,2023-01-06,True
DEVICE_00043,IoT-PRO,2023-05-08,True
DEVICE_00044,IoT-PRO,2023-03-23,True
DEVICE_00045,IoT-X2,2023-10-06,True
DEVICE_00046,IoT-PRO,2023-05-03,True
DEVICE_00047,IoT-PRO,2022-05-03,True
DEVICE_00048,IoT-X2,2023-06-09,True
DEVICE_00049,IoT-PRO,2023-08-13,True
DEVICE_00050,IoT-X1,2022-09-23,True
DEVICE_00051,IoT-X1,2023-08-19,True
DEVICE_00052,IoT-X1,2022-05-30,True
DEVICE_00053,IoT-X2,2023-04-18,True
DEVICE_00054,IoT-PRO,2022-05-19,True
DEVICE_00055,IoT-X2,2022-06-17,True
DEVICE_00056,IoT-X1,2022-10-07,True
DEVICE_00057,IoT-X2,2023-03-06,True
DEVICE_00058,IoT-PRO,2022-12-31,True
DEVICE_00059,IoT-X1,2022-10-24,True
DEVICE_00060,IoT-X2,2023-06-27,True
DEVICE_00061,IoT-PRO,2022-03-20,True
DEVICE_00062,IoT-PRO,2022-07-18,True
DEVICE_00063,IoT-PRO,2022-07-07,True
DEVICE_00064,IoT-X1,2023-09-06,True
DEVICE_00065,IoT-X1,2023-07-11,True
DEVICE_00066,IoT-X2,2022-11-20,True
DEVICE_00067,IoT-PRO,2022-11-05,True
DEVICE_00068,IoT-X2,2023-12-03,True
DEVICE_00069,IoT-PRO,2023-12-06,True
DEVICE_00070,IoT-X2,2022-04-09,True
DEVICE_00071,IoT-PRO,2023-08-17,True
DEVICE_00072,IoT-X2,2022-05-28,True
DEVICE_00073,IoT-X1,2022-05-21,True
DEVICE_00074,IoT-PRO,2022-10-16,True
DEVICE_00075,IoT-X2,2024-03-08,True
DEVICE_00076,IoT-X2,2023-02-26,True
DEVICE_00077,IoT-X2,2022-06-16,True
DEVICE_00078,IoT-X1,2022-08-12,True
DEVICE_00079,IoT-X1,2023-05-31,True
DEVICE_00080,IoT-X1,2022-07-12,True
DEVICE_00081,IoT-PRO,2023-09-21,True
DEVICE_00082,IoT-PRO,2023-06-23,True
DEVICE_00083,IoT-PRO,2023-12-31,True
DEVICE_00084,IoT-PRO,2023-12-21,True
DEVICE_00085,IoT-X1,2023-03-04,True
DEVICE_00086,IoT-X2,2022-03-20,True
DEVICE_00087,IoT-X1,2022-05-15,True
DEVICE_00088,IoT-X1,2023-05-07,True
DEVICE_00089,IoT-X2,2022-11-16,True
DEVICE_00090,IoT-PRO,2023-01-07,True
DEVICE_00091,IoT-X1,2023-03-29,True
DEVICE_00092,IoT-PRO,2023-06-20,True
DEVICE_00093,IoT-X2,2022-06-26,True
DEVICE_00094,IoT-PRO,2022-11-08,True
DEVICE_00095,IoT-X1,2024-02-02,True
DEVICE_00096,IoT-X1,2022-08-16,True
DEVICE_00097,IoT-X1,2023-12-12,True
DEVICE_00098,IoT-X1,2023-12-06,True
DEVICE_00099,IoT-X1,2022-11-11,True
DEVICE_00100,IoT-X1,2022-08-03,True
DEVICE_00101,IoT-X1,2022-03-22,True
DEVICE_00102,IoT-X2,2023-12-09,True
DEVICE_00103,IoT-X1,2022-03-21,True
DEVICE_00104,IoT-X1,2024-03-04,True
DEVICE_00105,IoT-X2,2024-02-15,True
DEVICE_00106,IoT-X2,2022-02-13,True
DEVICE_00107,IoT-X1,2022-04-21,True
DEVICE_00108,IoT-X1,2023-11-07,True
DEVICE_00109,IoT-PRO,2023-08-31,True
DEVICE_00110,IoT-X1,2023-04-26,True
DEVICE_00111,IoT-X1,2022-09-17,True
DEVICE_00112,IoT-X1,2022-03-09,True
DEVICE_00113,IoT-X2,2023-11-15,True
DEVICE_00114,IoT-X1,2024-02-12,True
DEVICE_00115,IoT-X1,2022-05-07,True
DEVICE_00116,IoT-PRO,2022-07-30,True
DEVICE_00117,IoT-PRO,2022-07-24,True
DEVICE_00118,IoT-X1,2023-11-18,True
DEVICE_00119,IoT-X2,2022-01-30,True
DEVICE_00120,IoT-X1,2022-05-30,True
DEVICE_00121,IoT-PRO,2022-10-12,True
DEVICE_00122,IoT-PRO,2022-12-23,True
DEVICE_00123,IoT-X2,2022-06-14,True
DEVICE_00124,IoT-PRO,2024-03-10,True
DEVICE_00125,IoT-PRO,2023-09-20,True
DEVICE_00126,IoT-X1,2023-06-02,True
DEVICE_00127,IoT-PRO,2022-03-11,True
DEVICE_00128,IoT-X1,2023-08-16,True
DEVICE_00129,IoT-X1,2023-06-26,True
DEVICE_00130,IoT-X1,2024-01-03,True
DEVICE_00131,IoT-X1,2022-10-16,True
DEVICE_00132,IoT-X1,2024-02-12,True
DEVICE_00133,IoT-PRO,2022-01-05,True
DEVICE_00134,IoT-PRO,2022-04-12,True
DEVICE_00135,IoT-X1,2023-06-01,True
DEVICE_00136,IoT-PRO,2023-05-02,True
DEVICE_00137,IoT-X2,2023-12-16,True
DEVICE_00138,IoT-PRO,2022-07-09,True
DEVICE_00139,IoT-X2,2023-11-21,True
DEVICE_00140,IoT-X1,2022-07-05,True
DEVICE_00141,IoT-X2,2023-01-24,True
DEVICE_00142,IoT-X2,2022-08-08,True
DEVICE_00143,IoT-PRO,2022-08-22,True
DEVICE_00144,IoT-X2,2022-04-26,True
DEVICE_00145,IoT-X2,2022-05-07,True
DEVICE_00146,IoT-X2,2022-04-23,True
DEVICE_00147,IoT-PRO,2022-05-20,True
DEVICE_00148,IoT-X2,2024-02-20,True
DEVICE_00149,IoT-X2,2023-12-23,True
DEVICE_00150,IoT-X2,2023-07-25,True
DEVICE_00151,IoT-PRO,2022-02-11,True
DEVICE_00152,IoT-X1,2022-12-02,True
DEVICE_00153,IoT-X2,2022-04-29,True
DEVICE_00154,IoT-X2,2022-10-18,True
DEVICE_00155,IoT-X2,2023-09-07,True
DEVICE_00156,IoT-PRO,2022-11-16,True
DEVICE_00157,IoT-PRO,2023-03-31,True
DEVICE_00158,IoT-X1,2023-07-22,True
DEVICE_00159,IoT-X2,2022-10-25,True
DEVICE_00160,IoT-X2,2022-07-13,True
DEVICE_00161,IoT-X1,2023-05-03,True
DEVICE_00162,IoT-PRO,2023-01-12,True
DEVICE_00163,IoT-X1,2022-01-14,True
DEVICE_00164,IoT-PRO,2023-05-19,True
DEVICE_00165,IoT-PRO,2022-04-18,True
DEVICE_00166,IoT-X2,2023-03-25,True
DEVICE_00167,IoT-PRO,2023-11-06,True
DEVICE_00168,IoT-PRO,2022-03-29,True
DEVICE_00169,IoT-X1,2022-05-27,True
DEVICE_00170,IoT-X2,2023-02-15,True
DEVICE_00171,IoT-PRO,2023-08-28,True
DEVICE_00172,IoT-X1,2024-01-30,True
DEVICE_00173,IoT-X1,2022-03-08,True
DEVICE_00174,IoT-X2,2022-07-23,True
DEVICE_00175,IoT-X2,2022-07-25,True
DEVICE_00176,IoT-PRO,2023-02-18,True
DEVICE_00177,IoT-X1,2022-08-27,True
DEVICE_00178,IoT-X2,2024-01-13,True
DEVICE_00179,IoT-X2,2022-10-13,True
DEVICE_00180,IoT-PRO,2024-02-24,True
DEVICE_00181,IoT-PRO,2023-08-31,True
DEVICE_00182,IoT-X2,2024-02-14,True
DEVICE_00183,IoT-PRO,2023-02-14,True
DEVICE_00184,IoT-X2,2023-05-03,True
DEVICE_00185,IoT-PRO,2023-09-10,True
DEVICE_00186,IoT-X2,2023-05-12,True
DEVICE_00187,IoT-PRO,2022-10-13,True
DEVICE_00188,IoT-X1,2024-02-26,True
DEVICE_00189,IoT-X2,2022-04-21,True
DEVICE_00190,IoT-X1,2022-09-14,True
DEVICE_00191,IoT-X2,2023-05-25,True
DEVICE_00192,IoT-X1,2023-10-06,True
DEVICE_00193,IoT-X1,2022-01-31,True
DEVICE_00194,IoT-X1,2024-01-26,True
DEVICE_00195,IoT-X1,2022-03-11,True
DEVICE_00196,IoT-X2,2023-11-26,True
DEVICE_00197,IoT-X1,2022-07-03,True
DEVICE_00198,IoT-X2,2023-09-12,True
DEVICE_00199,IoT-PRO,2022-12-01,True
DEVICE_00200,IoT-X1,2022-11-07,True
DEVICE_00201,IoT-PRO,2023-10-01,True
DEVICE_00202,IoT-X1,2024-02-18,True
DEVICE_00203,IoT-X1,2023-11-08,True
DEVICE_00204,IoT-PRO,2024-02-25,True
DEVICE_00205,IoT-X2,2023-04-23,True
DEVICE_00206,IoT-X1,2022-10-28,True
DEVICE_00207,IoT-PRO,2023-05-25,True
DEVICE_00208,IoT-X2,2023-06-01,True
DEVICE_00209,IoT-X2,2023-07-10,True
DEVICE_00210,IoT-X2,2023-07-08,True
DEVICE_00211,IoT-PRO,2022-01-19,True
DEVICE_00212,IoT-X1,2023-03-17,True
DEVICE_00213,IoT-X1,2023-01-28,True
DEVICE_00214,IoT-X2,2022-11-19,True
DEVICE_00215,IoT-X2,2023-03-30,True
DEVICE_00216,IoT-X2,2022-02-06,True
DEVICE_00217,IoT-X1,2022-07-01,True
DEVICE_00218,IoT-PRO,2023-11-07,True
DEVICE_00219,IoT-X2,2023-12-25,True
DEVICE_00220,IoT-X1,2023-05-19,True
DEVICE_00221,IoT-X2,2022-05-18,True
DEVICE_00222,IoT-X2,2024-01-03,True
DEVICE_00223,IoT-X2,2023-05-15,True
DEVICE_00224,IoT-X1,2023-08-06,True
DEVICE_00225,IoT-PRO,2023-05-18,True
DEVICE_00226,IoT-PRO,2023-07-22,True
DEVICE_00227,IoT-PRO,2023-07-07,True
DEVICE_00228,IoT-PRO,2023-04-27,True
DEVICE_00229,IoT-X2,2023-07-30,True
DEVICE_00230,IoT-X1,2023-06-03,True
DEVICE_00231,IoT-X1,2023-02-05,True
DEVICE_00232,IoT-X2,2023-05-22,True
DEVICE_00233,IoT-PRO,2023-01-22,True
DEVICE_00234,IoT-PRO,2023-11-24,True
DEVICE_00235,IoT-X2,2024-02-24,True
DEVICE_00236,IoT-X2,2022-11-25,True
DEVICE_00237,IoT-X1,2022-01-29,True
DEVICE_00238,IoT-PRO,2022-02-16,True
DEVICE_00239,IoT-X1,2023-01-11,True
DEVICE_00240,IoT-X2,2024-01-30,True
DEVICE_00241,IoT-PRO,2022-01-28,True
DEVICE_00242,IoT-PRO,2022-12-16,True
DEVICE_00243,IoT-X2,2022-04-10,True
DEVICE_00244,IoT-X2,2022-12-20,True
DEVICE_00245,IoT-X2,2023-02-26,True
DEVICE_00246,IoT-X2,2022-02-27,True
DEVICE_00247,IoT-PRO,2022-09-08,True
DEVICE_00248,IoT-X1,2022-08-29,True
DEVICE_00249,IoT-PRO,2022-11-16,True
DEVICE_00250,IoT-PRO,2022-03-28,True
DEVICE_00251,IoT-PRO,2022-03-09,True
DEVICE_00252,IoT-X2,2022-04-28,True
DEVICE_00253,IoT-X2,2022-06-23,True
DEVICE_00254,IoT-X1,2023-07-06,True
DEVICE_00255,IoT-X2,2022-02-08,True
DEVICE_00256,IoT-X2,2023-11-05,True
DEVICE_00257,IoT-X2,2023-08-05,True
DEVICE_00258,IoT-PRO,2023-03-08,True
DEVICE_00259,IoT-X2,2022-01-21,True
DEVICE_00260,IoT-PRO,2023-04-26,True
DEVICE_00261,IoT-PRO,2022-01-23,True
DEVICE_00262,IoT-X2,2023-01-22,True
DEVICE_00263,IoT-PRO,2023-02-04,True
DEVICE_00264,IoT-X2,2023-08-10,True
DEVICE_00265,IoT-X1,2023-05-16,True
DEVICE_00266,IoT-X1,2023-12-09,True
DEVICE_00267,IoT-PRO,2022-07-30,True
DEVICE_00268,IoT-X2,2023-05-24,True
DEVICE_00269,IoT-PRO,2024-02-23,True
DEVICE_00270,IoT-PRO,2022-12-14,True
DEVICE_00271,IoT-X1,2023-09-22,True
DEVICE_00272,IoT-X2,2023-01-08,True
DEVICE_00273,IoT-X2,2022-07-26,True
DEVICE_00274,IoT-X2,2023-10-13,True
DEVICE_00275,IoT-X1,2023-07-03,True
DEVICE_00276,IoT-X1,2022-10-22,True
DEVICE_00277,IoT-X2,2022-02-18,True
DEVICE_00278,IoT-X2,2023-08-11,True
DEVICE_00279,IoT-X2,2022-08-20,True
DEVICE_00280,IoT-PRO,2024-01-31,True
DEVICE_00281,IoT-X1,2024-01-05,True
DEVICE_00282,IoT-PRO,2022-04-08,True
DEVICE_00283,IoT-PRO,2022-12-11,True
DEVICE_00284,IoT-X2,2022-03-10,True
DEVICE_00285,IoT-PRO,2023-06-28,True
DEVICE_00286,IoT-X2,2023-03-14,True
DEVICE_00287,IoT-X1,2022-12-22,True
DEVICE_00288,IoT-X1,2023-10-30,True
DEVICE_00289,IoT-X2,2023-06-01,True
DEVICE_00290,IoT-X2,2023-03-20,True
DEVICE_00291,IoT-PRO,2023-07-07,True
DEVICE_00292,IoT-X2,2022-07-24,True
DEVICE_00293,IoT-X2,2023-02-16,True
DEVICE_00294,IoT-X2,2023-10-02,True
DEVICE_00295,IoT-PRO,2023-04-10,True
DEVICE_00296,IoT-PRO,2024-02-21,True
DEVICE_00297,IoT-PRO,2022-07-04,True
DEVICE_00298,IoT-X1,2023-10-05,True
DEVICE_00299,IoT-PRO,2023-06-13,True
DEVICE_00300,IoT-X1,2023-08-14,True
DEVICE_00301,IoT-X2,2022-08-07,True
DEVICE_00302,IoT-PRO,2024-01-31,True
DEVICE_00303,IoT-X2,2022-10-02,True
DEVICE_00304,IoT-PRO,2023-06-30,True
DEVICE_00305,IoT-PRO,2024-02-27,True
DEVICE_00306,IoT-X2,2023-08-03,True
DEVICE_00307,IoT-PRO,2023-10-04,True
DEVICE_00308,IoT-X1,2023-06-19,True
DEVICE_00309,IoT-X1,2023-01-09,True
DEVICE_00310,IoT-X2,2022-06-01,True
DEVICE_00311,IoT-X1,2022-06-04,True
DEVICE_00312,IoT-PRO,2023-12-03,True
DEVICE_00313,IoT-X2,2023-03-22,True
DEVICE_00314,IoT-X2,2022-11-23,True
DEVICE_00315,IoT-X1,2023-10-12,True
DEVICE_00316,IoT-X1,2023-02-27,True
DEVICE_00317,IoT-X2,2022-10-21,True
DEVICE_00318,IoT-PRO,2022-06-14,True
DEVICE_00319,IoT-X2,2023-12-05,True
DEVICE_00320,IoT-PRO,2022-08-30,True
DEVICE_00321,IoT-X2,2022-09-02,True
DEVICE_00322,IoT-X1,2022-06-03,True
DEVICE_00323,IoT-X1,2022-01-29,True
DEVICE_00324,IoT-X1,2022-11-14,True
DEVICE_00325,IoT-X2,2023-05-13,True
DEVICE_00326,IoT-PRO,2023-03-23,True
DEVICE_00327,IoT-X2,2023-10-25,True
DEVICE_00328,IoT-X1,2022-07-26,True
DEVICE_00329,IoT-X1,2022-10-07,True
DEVICE_00330,IoT-X1,2022-01-30,True
DEVICE_00331,IoT-X2,2022-10-12,True
DEVICE_00332,IoT-PRO,2023-07-18,True
DEVICE_00333,IoT-X1,2023-10-22,True
DEVICE_00334,IoT-X1,2024-01-10,True
DEVICE_00335,IoT-X2,2022-01-21,True
DEVICE_00336,IoT-X1,2022-03-27,True
DEVICE_00337,IoT-X2,2023-09-09,True
DEVICE_00338,IoT-X2,2022-03-07,True
DEVICE_00339,IoT-X2,2023-01-08,True
DEVICE_00340,IoT-PRO,2023-11-05,True
DEVICE_00341,IoT-X1,2023-02-11,True
DEVICE_00342,IoT-PRO,2022-05-24,True
DEVICE_00343,IoT-X1,2022-04-25,True
DEVICE_00344,IoT-PRO,2024-01-23,True
DEVICE_00345,IoT-PRO,2022-05-04,True
DEVICE_00346,IoT-PRO,2023-11-12,True
DEVICE_00347,IoT-PRO,2024-03-04,True
DEVICE_00348,IoT-PRO,2022-09-15,True
DEVICE_00349,IoT-X2,2022-04-03,True
DEVICE_00350,IoT-X1,2023-09-07,True
DEVICE_00351,IoT-X1,2024-03-02,True
DEVICE_00352,IoT-X2,2022-12-04,True
DEVICE_00353,IoT-PRO,2024-01-25,True
DEVICE_00354,IoT-X2,2024-02-06,True
DEVICE_00355,IoT-PRO,2022-08-30,True
DEVICE_00356,IoT-X2,2022-08-12,True
DEVICE_00357,IoT-X1,2022-04-20,True
DEVICE_00358,IoT-X1,2022-08-08,True
DEVICE_00359,IoT-X2,2023-03-27,True
DEVICE_00360,IoT-X2,2022-09-18,True
DEVICE_00361,IoT-PRO,2022-02-27,True
DEVICE_00362,IoT-X2,2023-07-01,True
DEVICE_00363,IoT-X2,2023-12-18,True
DEVICE_00364,IoT-X1,2022-11-21,True
DEVICE_00365,IoT-PRO,2023-03-10,True
DEVICE_00366,IoT-X2,2023-12-01,True
DEVICE_00367,IoT-X1,2022-10-12,True
DEVICE_00368,IoT-X1,2023-01-07,True
DEVICE_00369,IoT-X2,2024-01-03,True
DEVICE_00370,IoT-X2,2022-11-12,True
DEVICE_00371,IoT-X1,2023-10-23,True
DEVICE_00372,IoT-PRO,2022-02-05,True
DEVICE_00373,IoT-PRO,2023-11-10,True
DEVICE_00374,IoT-X1,2023-12-09,True
DEVICE_00375,IoT-PRO,2022-09-03,True
DEVICE_00376,IoT-X2,2023-07-20,True
DEVICE_00377,IoT-X2,2022-11-13,True
DEVICE_00378,IoT-PRO,2023-12-19,True
DEVICE_00379,IoT-X2,2023-12-03,True
DEVICE_00380,IoT-X1,2023-07-02,True
DEVICE_00381,IoT-X1,2023-03-30,True
DEVICE_00382,IoT-X2,2022-01-09,True
DEVICE_00383,IoT-X2,2022-09-19,True
DEVICE_00384,IoT-X2,2022-04-03,True
DEVICE_00385,IoT-X1,2022-11-01,True
DEVICE_00386,IoT-X1,2022-06-14,True
DEVICE_00387,IoT-X2,2023-10-09,True
DEVICE_00388,IoT-X2,2024-02-25,True
DEVICE_00389,IoT-PRO,2023-02-21,True
DEVICE_00390,IoT-X1,2022-10-08,True
DEVICE_00391,IoT-X1,2024-03-09,True
DEVICE_00392,IoT-X2,2023-04-28,True
DEVICE_00393,IoT-PRO,2023-02-27,True
DEVICE_00394,IoT-X2,2024-01-05,True
DEVICE_00395,IoT-X2,2022-04-13,True
DEVICE_00396,IoT-X1,2023-12-17,True
DEVICE_00397,IoT-X2,2023-06-03,True
DEVICE_00398,IoT-X1,2022-12-27,True
DEVICE_00399,IoT-X2,2023-09-09,True
DEVICE_00400,IoT-PRO,2023-07-15,True
DEVICE_00401,IoT-PRO,2022-12-01,True
DEVICE_00402,IoT-X2,2023-12-13,True
DEVICE_00403,IoT-X1,2024-02-20,True
DEVICE_00404,IoT-X1,2023-10-19,True
DEVICE_00405,IoT-PRO,2022-07-08,True
DEVICE_00406,IoT-PRO,2023-03-31,True
DEVICE_00407,IoT-PRO,2022-05-20,True
DEVICE_00408,IoT-X1,2023-02-15,True
DEVICE_00409,IoT-X1,2023-10-06,True
DEVICE_00410,IoT-X2,2022-11-18,True
DEVICE_00411,IoT-PRO,2022-03-26,True
DEVICE_00412,IoT-X1,2022-06-11,True
DEVICE_00413,IoT-X1,2023-06-13,True
DEVICE_00414,IoT-PRO,2024-02-26,True
DEVICE_00415,IoT-PRO,2024-02-21,True
DEVICE_00416,IoT-X1,2023-09-01,True
DEVICE_00417,IoT-PRO,2023-02-25,True
DEVICE_00418,IoT-X2,2023-04-08,True
DEVICE_00419,IoT-X2,2024-01-23,True
DEVICE_00420,IoT-X1,2022-09-24,True
DEVICE_00421,IoT-X1,2023-12-05,True
DEVICE_00422,IoT-PRO,2022-12-02,True
DEVICE_00423,IoT-X2,2022-07-23,True
DEVICE_00424,IoT-X1,2023-03-01,True
DEVICE_00425,IoT-X2,2022-07-06,True
DEVICE_00426,IoT-X2,2023-01-22,True
DEVICE_00427,IoT-PRO,2022-08-18,True
DEVICE_00428,IoT-X1,2022-01-24,True
DEVICE_00429,IoT-PRO,2023-10-25,True
DEVICE_00430,IoT-PRO,2023-10-04,True
DEVICE_00431,IoT-X1,2022-04-02,True
DEVICE_00432,IoT-X2,2022-07-23,True
DEVICE_00433,IoT-X2,2023-12-20,True
DEVICE_00434,IoT-X1,2022-02-20,True
DEVICE_00435,IoT-X2,2023-09-25,True
DEVICE_00436,IoT-X2,2023-09-07,True
DEVICE_00437,IoT-X2,2022-06-02,True
DEVICE_00438,IoT-X1,2023-01-12,True
DEVICE_00439,IoT-X1,2023-08-04,True
DEVICE_00440,IoT-X1,2022-01-15,True
DEVICE_00441,IoT-PRO,2023-06-23,True
DEVICE_00442,IoT-X2,2024-03-02,True
DEVICE_00443,IoT-X2,2023-11-21,True
DEVICE_00444,IoT-X2,2022-05-02,True
DEVICE_00445,IoT-X1,2024-01-01,True
DEVICE_00446,IoT-X1,2022-07-15,True
DEVICE_00447,IoT-X2,2022-10-22,True
DEVICE_00448,IoT-PRO,2023-05-22,True
DEVICE_00449,IoT-X2,2022-05-14,True
DEVICE_00450,IoT-X2,2022-07-31,True
DEVICE_00451,IoT-PRO,2022-08-09,True
DEVICE_00452,IoT-X2,2024-01-15,True
DEVICE_00453,IoT-PRO,2022-07-13,True
DEVICE_00454,IoT-X2,2022-07-04,True
DEVICE_00455,IoT-X2,2022-05-30,True
DEVICE_00456,IoT-X1,2022-10-25,True
DEVICE_00457,IoT-X2,2022-08-30,True
DEVICE_00458,IoT-PRO,2023-04-07,True
DEVICE_00459,IoT-X1,2023-01-14,True
DEVICE_00460,IoT-PRO,2023-12-02,True
DEVICE_00461,IoT-PRO,2023-04-15,True
DEVICE_00462,IoT-X1,2022-01-11,True
DEVICE_00463,IoT-X2,2022-05-17,True
DEVICE_00464,IoT-X2,2023-12-11,True
DEVICE_00465,IoT-X2,2023-12-05,True
DEVICE_00466,IoT-X1,2024-01-01,True
DEVICE_00467,IoT-X2,2023-12-27,True
DEVICE_00468,IoT-X2,2024-01-24,True
DEVICE_00469,IoT-PRO,2022-09-20,True
DEVICE_00470,IoT-X1,2022-04-08,True
DEVICE_00471,IoT-PRO,2022-03-02,True
DEVICE_00472,IoT-X1,2022-12-07,True
DEVICE_00473,IoT-X1,2023-04-28,True
DEVICE_00474,IoT-X2,2023-09-13,True
DEVICE_00475,IoT-PRO,2023-09-05,True
DEVICE_00476,IoT-PRO,2024-02-06,True
DEVICE_00477,IoT-X1,2022-01-06,True
DEVICE_00478,IoT-X2,2023-06-01,True
DEVICE_00479,IoT-PRO,2023-01-26,True
DEVICE_00480,IoT-X2,2023-02-09,True
DEVICE_00481,IoT-PRO,2023-01-15,True
DEVICE_00482,IoT-X1,2023-07-27,True
DEVICE_00483,IoT-X1,2023-08-18,True
DEVICE_00484,IoT-X1,2022-09-24,True
DEVICE_00485,IoT-X1,2023-05-31,True
DEVICE_00486,IoT-X2,2022-12-14,True
DEVICE_00487,IoT-X2,2022-05-16,True
DEVICE_00488,IoT-X1,2022-11-21,True
DEVICE_00489,IoT-PRO,2023-06-28,True
DEVICE_00490,IoT-X2,2022-05-26,True
DEVICE_00491,IoT-X2,2022-04-30,True
DEVICE_00492,IoT-X2,2022-02-15,True
DEVICE_00493,IoT-X1,2023-05-27,True
DEVICE_00494,IoT-X2,2024-02-05,True
DEVICE_00495,IoT-X2,2023-03-17,True
DEVICE_00496,IoT-X2,2022-09-27,True
DEVICE_00497,IoT-PRO,2024-02-19,True
DEVICE_00498,IoT-X2,2023-06-14,True
DEVICE_00499,IoT-X2,2023-03-23,True
DEVICE_00500,IoT-X1,2022-11-20,True
DEVICE_00501,IoT-PRO,2023-05-19,True
DEVICE_00502,IoT-X1,2023-07-24,True
DEVICE_00503,IoT-PRO,2023-10-14,True
DEVICE_00504,IoT-X2,2022-02-24,True
DEVICE_00505,IoT-X1,2022-06-02,True
DEVICE_00506,IoT-X1,2022-08-24,True
DEVICE_00507,IoT-X1,2022-02-06,True
DEVICE_00508,IoT-X2,2022-09-24,True
DEVICE_00509,IoT-X1,2023-12-24,True
DEVICE_00510,IoT-X2,2023-03-23,True
DEVICE_00511,IoT-X1,2023-05-22,True
DEVICE_00512,IoT-X1,2023-03-29,True
DEVICE_00513,IoT-X2,2023-12-28,True
DEVICE_00514,IoT-PRO,2023-05-12,True
DEVICE_00515,IoT-X2,2023-05-20,True
DEVICE_00516,IoT-X1,2024-01-08,True
DEVICE_00517,IoT-X1,2022-05-07,True
DEVICE_00518,IoT-X2,2022-04-06,True
DEVICE_00519,IoT-X1,2022-10-18,True
DEVICE_00520,IoT-X1,2022-06-22,True
DEVICE_00521,IoT-PRO,2023-06-05,True
DEVICE_00522,IoT-X2,2023-07-31,True
DEVICE_00523,IoT-PRO,2023-08-23,True
DEVICE_00524,IoT-X1,2023-08-21,True
DEVICE_00525,IoT-X1,2023-06-23,True
DEVICE_00526,IoT-PRO,2022-07-04,True
DEVICE_00527,IoT-X2,2022-03-20,True
DEVICE_00528,IoT-X1,2024-02-26,True
DEVICE_00529,IoT-X2,2023-11-25,True
DEVICE_00530,IoT-X1,2022-12-03,True
DEVICE_00531,IoT-X1,2022-10-19,True
DEVICE_00532,IoT-PRO,2023-11-28,True
DEVICE_00533,IoT-X1,2023-02-08,True
DEVICE_00534,IoT-X2,2023-08-28,True
DEVICE_00535,IoT-X1,2022-11-28,True
DEVICE_00536,IoT-X1,2022-01-30,True
DEVICE_00537,IoT-X1,2023-04-17,True
DEVICE_00538,IoT-PRO,2023-11-07,True
DEVICE_00539,IoT-X2,2023-04-10,True
DEVICE_00540,IoT-PRO,2022-10-03,True
DEVICE_00541,IoT-PRO,2023-11-05,True
DEVICE_00542,IoT-X1,2022-12-04,True
DEVICE_00543,IoT-X1,2023-11-03,True
DEVICE_00544,IoT-PRO,2023-04-09,True
DEVICE_00545,IoT-X2,2024-01-20,True
DEVICE_00546,IoT-PRO,2023-08-06,True
DEVICE_00547,IoT-X1,2022-08-05,True
DEVICE_00548,IoT-X1,2023-10-22,True
DEVICE_00549,IoT-X2,2022-11-27,True
DEVICE_00550,IoT-X1,2024-02-01,True
DEVICE_00551,IoT-X1,2023-07-15,True
DEVICE_00552,IoT-PRO,2023-01-26,True
DEVICE_00553,IoT-X1,2023-02-13,True
DEVICE_00554,IoT-X2,2022-07-02,True
DEVICE_00555,IoT-X1,2024-02-29,True
DEVICE_00556,IoT-X2,2022-04-02,True
DEVICE_00557,IoT-X1,2022-08-02,True
DEVICE_00558,IoT-X1,2023-02-02,True
DEVICE_00559,IoT-X2,2022-10-19,True
DEVICE_00560,IoT-PRO,2024-02-10,True
DEVICE_00561,IoT-PRO,2022-06-07,True
DEVICE_00562,IoT-X1,2022-11-02,True
DEVICE_00563,IoT-X2,2023-03-19,True
DEVICE_00564,IoT-PRO,2022-11-14,True
DEVICE_00565,IoT-PRO,2023-09-10,True
DEVICE_00566,IoT-X1,2023-01-03,True
DEVICE_00567,IoT-PRO,2022-04-09,True
DEVICE_00568,IoT-X2,2023-06-09,True
DEVICE_00569,IoT-X1,2023-05-17,True
DEVICE_00570,IoT-X2,2023-02-02,True
DEVICE_00571,IoT-X2,2022-10-02,True
DEVICE_00572,IoT-PRO,2023-09-07,True
DEVICE_00573,IoT-X2,2022-04-03,True
DEVICE_00574,IoT-X2,2023-01-13,True
DEVICE_00575,IoT-PRO,2022-07-10,True
DEVICE_00576,IoT-X2,2023-10-08,True
DEVICE_00577,IoT-X2,2022-04-06,True
DEVICE_00578,IoT-X1,2023-06-10,True
DEVICE_00579,IoT-X2,2023-04-20,True
DEVICE_00580,IoT-PRO,2022-08-18,True
DEVICE_00581,IoT-PRO,2023-12-04,True
DEVICE_00582,IoT-PRO,2022-06-08,True
DEVICE_00583,IoT-X2,2023-06-24,True
DEVICE_00584,IoT-PRO,2023-10-25,True
DEVICE_00585,IoT-PRO,2022-03-27,True
DEVICE_00586,IoT-X2,2023-04-25,True
DEVICE_00587,IoT-X2,2022-03-23,True
DEVICE_00588,IoT-X2,2022-11-04,True
DEVICE_00589,IoT-X1,2022-05-11,True
DEVICE_00590,IoT-PRO,2022-11-04,True
DEVICE_00591,IoT-X1,2023-06-20,True
DEVICE_00592,IoT-X2,2022-10-30,True
DEVICE_00593,IoT-PRO,2022-02-18,True
DEVICE_00594,IoT-PRO,2022-03-20,True
DEVICE_00595,IoT-X1,2023-06-10,True
DEVICE_00596,IoT-X1,2023-06-07,True
DEVICE_00597,IoT-X2,2023-02-27,True
DEVICE_00598,IoT-X1,2023-04-21,True
DEVICE_00599,IoT-PRO,2024-01-08,True
DEVICE_00600,IoT-PRO,2022-09-17,True
DEVICE_00601,IoT-X2,2022-09-18,True
DEVICE_00602,IoT-PRO,2022-03-25,True
DEVICE_00603,IoT-PRO,2022-01-17,True
DEVICE_00604,IoT-X1,2024-01-29,True
DEVICE_00605,IoT-PRO,2023-04-19,True
DEVICE_00606,IoT-X1,2022-07-06,True
DEVICE_00607,IoT-X2,2022-02-16,True
DEVICE_00608,IoT-X1,2023-03-03,True
DEVICE_00609,IoT-PRO,2022-11-01,True
DEVICE_00610,IoT-X2,2023-08-25,True
DEVICE_00611,IoT-PRO,2023-04-11,True
DEVICE_00612,IoT-PRO,2023-04-06,True
DEVICE_00613,IoT-PRO,2022-09-29,True
DEVICE_00614,IoT-X2,2022-07-11,True
DEVICE_00615,IoT-X1,2022-07-09,True
DEVICE_00616,IoT-X1,2024-02-04,True
DEVICE_00617,IoT-PRO,2022-09-23,True
DEVICE_00618,IoT-PRO,2022-04-19,True
DEVICE_00619,IoT-X2,2023-07-02,True
DEVICE_00620,IoT-X1,2022-01-06,True
DEVICE_00621,IoT-X2,2022-04-30,True
DEVICE_00622,IoT-X1,2022-06-25,True
DEVICE_00623,IoT-PRO,2023-05-04,True
DEVICE_00624,IoT-X2,2023-12-10,True
DEVICE_00625,IoT-X2,2023-11-05,True
DEVICE_00626,IoT-PRO,2023-09-09,True
DEVICE_00627,IoT-PRO,2023-05-14,True
DEVICE_00628,IoT-X2,2023-09-26,True
DEVICE_00629,IoT-PRO,2023-01-05,True
DEVICE_00630,IoT-PRO,2023-11-21,True
DEVICE_00631,IoT-PRO,2023-11-23,True
DEVICE_00632,IoT-X2,2022-11-06,True
DEVICE_00633,IoT-X1,2022-05-09,True
DEVICE_00634,IoT-X1,2022-01-15,True
DEVICE_00635,IoT-X1,2022-04-25,True
DEVICE_00636,IoT-X1,2023-12-14,True
DEVICE_00637,IoT-X1,2022-01-28,True
DEVICE_00638,IoT-X1,2023-05-08,True
DEVICE_00639,IoT-PRO,2022-05-29,True
DEVICE_00640,IoT-PRO,2022-09-05,True
DEVICE_00641,IoT-X2,2023-10-04,True
DEVICE_00642,IoT-PRO,2022-07-15,True
DEVICE_00643,IoT-X1,2022-11-05,True
DEVICE_00644,IoT-X2,2022-06-01,True
DEVICE_00645,IoT-X2,2023-03-09,True
DEVICE_00646,IoT-X1,2022-04-30,True
DEVICE_00647,IoT-X1,2022-06-06,True
DEVICE_00648,IoT-PRO,2023-12-21,True
DEVICE_00649,IoT-X2,2023-05-12,True
DEVICE_00650,IoT-X2,2022-01-21,True
DEVICE_00651,IoT-X2,2023-08-23,True
DEVICE_00652,IoT-X1,2022-07-26,True
DEVICE_00653,IoT-X2,2023-08-07,True
DEVICE_00654,IoT-X2,2022-02-22,True
DEVICE_00655,IoT-X2,2022-01-09,True
DEVICE_00656,IoT-X1,2023-10-08,True
DEVICE_00657,IoT-PRO,2023-03-19,True
DEVICE_00658,IoT-X2,2023-05-23,True
DEVICE_00659,IoT-PRO,2023-08-16,True
DEVICE_00660,IoT-PRO,2024-01-19,True
DEVICE_00661,IoT-PRO,2022-10-25,True
DEVICE_00662,IoT-X1,2023-05-15,True
DEVICE_00663,IoT-X2,2023-05-13,True
DEVICE_00664,IoT-PRO,2023-08-29,True
DEVICE_00665,IoT-PRO,2023-09-19,True
DEVICE_00666,IoT-PRO,2023-05-15,True
DEVICE_00667,IoT-X1,2024-01-02,True
DEVICE_00668,IoT-X1,2023-06-25,True
DEVICE_00669,IoT-X1,2023-03-09,True
DEVICE_00670,IoT-PRO,2022-11-20,True
DEVICE_00671,IoT-PRO,2022-03-07,True
DEVICE_00672,IoT-X2,2023-10-26,True
DEVICE_00673,IoT-X2,2023-04-30,True
DEVICE_00674,IoT-X1,2023-05-22,True
DEVICE_00675,IoT-PRO,2023-10-24,True
DEVICE_00676,IoT-X2,2023-04-05,True
DEVICE_00677,IoT-PRO,2023-03-23,True
DEVICE_00678,IoT-X1,2022-06-15,True
DEVICE_00679,IoT-X2,2024-01-14,True
DEVICE_00680,IoT-X1,2023-04-26,True
DEVICE_00681,IoT-X2,2023-03-25,True
DEVICE_00682,IoT-X1,2023-06-04,True
DEVICE_00683,IoT-X1,2023-08-25,True
DEVICE_00684,IoT-PRO,2022-12-14,True
DEVICE_00685,IoT-PRO,2024-01-03,True
DEVICE_00686,IoT-PRO,2023-04-25,True
DEVICE_00687,IoT-X1,2022-10-28,True
DEVICE_00688,IoT-PRO,2023-12-30,True
DEVICE_00689,IoT-X2,2023-03-03,True
DEVICE_00690,IoT-PRO,2023-10-31,True
DEVICE_00691,IoT-PRO,2023-01-04,True
DEVICE_00692,IoT-X2,2022-06-15,True
DEVICE_00693,IoT-PRO,2022-08-01,True
DEVICE_00694,IoT-X2,2023-12-09,True
DEVICE_00695,IoT-PRO,2022-03-30,True
DEVICE_00696,IoT-PRO,2023-05-10,True
DEVICE_00697,IoT-X1,2022-06-27,True
DEVICE_00698,IoT-X1,2022-06-10,True
DEVICE_00699,IoT-PRO,2023-05-19,True
DEVICE_00700,IoT-X1,2023-03-02,True
DEVICE_00701,IoT-X2,2022-11-07,True
DEVICE_00702,IoT-X1,2022-08-03,True
DEVICE_00703,IoT-PRO,2022-02-18,True
DEVICE_00704,IoT-X1,2023-01-03,True
DEVICE_00705,IoT-X2,2023-01-01,True
DEVICE_00706,IoT-PRO,2022-06-12,True
DEVICE_00707,IoT-X1,2023-05-31,True
DEVICE_00708,IoT-X1,2022-03-07,True
DEVICE_00709,IoT-X2,2023-03-17,True
DEVICE_00710,IoT-X1,2023-09-25,True
DEVICE_00711,IoT-X1,2022-05-04,True
DEVICE_00712,IoT-PRO,2022-08-18,True
DEVICE_00713,IoT-X2,2022-09-22,True
DEVICE_00714,IoT-X2,2022-12-30,True
DEVICE_00715,IoT-X1,2024-02-28,True
DEVICE_00716,IoT-PRO,2022-10-01,True
DEVICE_00717,IoT-X1,2023-12-08,True
DEVICE_00718,IoT-PRO,2023-09-11,True
DEVICE_00719,IoT-PRO,2022-04-17,True
DEVICE_00720,IoT-PRO,2022-02-21,True
DEVICE_00721,IoT-X2,2023-04-14,True
DEVICE_00722,IoT-X1,2022-04-19,True
DEVICE_00723,IoT-PRO,2023-09-17,True
DEVICE_00724,IoT-X1,2023-07-30,True
DEVICE_00725,IoT-X1,2023-06-04,True
DEVICE_00726,IoT-X1,2022-06-21,True
DEVICE_00727,IoT-PRO,2022-05-01,True
DEVICE_00728,IoT-X1,2023-01-06,True
DEVICE_00729,IoT-X1,2024-01-16,True
DEVICE_00730,IoT-X2,2023-12-27,True
DEVICE_00731,IoT-X2,2024-02-20,True
DEVICE_00732,IoT-PRO,2023-05-26,True
DEVICE_00733,IoT-PRO,2022-04-12,True
DEVICE_00734,IoT-X1,2023-10-25,True
DEVICE_00735,IoT-X2,2022-12-09,True
DEVICE_00736,IoT-X1,2022-05-06,True
DEVICE_00737,IoT-X1,2023-03-26,True
DEVICE_00738,IoT-X2,2024-02-27,True
DEVICE_00739,IoT-X1,2022-09-09,True
DEVICE_00740,IoT-X2,2022-12-16,True
DEVICE_00741,IoT-X2,2023-06-02,True
DEVICE_00742,IoT-X1,2022-03-29,True
DEVICE_00743,IoT-X2,2023-01-17,True
DEVICE_00744,IoT-PRO,2024-02-12,True
DEVICE_00745,IoT-X2,2023-01-05,True
DEVICE_00746,IoT-PRO,2023-11-12,True
DEVICE_00747,IoT-X1,2022-06-05,True
DEVICE_00748,IoT-PRO,2023-03-08,True
DEVICE_00749,IoT-X1,2022-05-22,True
DEVICE_00750,IoT-X2,2023-02-28,True
DEVICE_00751,IoT-X2,2023-04-15,True
DEVICE_00752,IoT-PRO,2023-11-30,True
DEVICE_00753,IoT-X2,2022-01-31,True
DEVICE_00754,IoT-X2,2022-05-30,True
DEVICE_00755,IoT-X1,2024-01-05,True
DEVICE_00756,IoT-PRO,2022-03-13,True
DEVICE_00757,IoT-X1,2022-12-13,True
DEVICE_00758,IoT-X2,2023-02-16,True
DEVICE_00759,IoT-X1,2023-03-21,True
DEVICE_00760,IoT-X1,2023-02-07,True
DEVICE_00761,IoT-X1,2023-11-08,True
DEVICE_00762,IoT-PRO,2022-06-04,True
DEVICE_00763,IoT-PRO,2022-03-01,True
DEVICE_00764,IoT-PRO,2024-01-01,True
DEVICE_00765,IoT-PRO,2023-06-17,True
DEVICE_00766,IoT-X2,2023-03-06,True
DEVICE_00767,IoT-X2,2023-11-29,True
DEVICE_00768,IoT-PRO,2023-07-21,True
DEVICE_00769,IoT-X2,2024-01-09,True
DEVICE_00770,IoT-PRO,2022-11-18,True
DEVICE_00771,IoT-X2,2022-01-09,True
DEVICE_00772,IoT-X2,2023-06-25,True
DEVICE_00773,IoT-PRO,2022-05-31,True
DEVICE_00774,IoT-PRO,2023-02-18,True
DEVICE_00775,IoT-X2,2023-10-22,True
DEVICE_00776,IoT-X1,2023-07-12,True
DEVICE_00777,IoT-PRO,2023-09-26,True
DEVICE_00778,IoT-PRO,2023-03-29,True
DEVICE_00779,IoT-PRO,2022-12-20,True
DEVICE_00780,IoT-PRO,2023-02-19,True
DEVICE_00781,IoT-X1,2022-11-05,True
DEVICE_00782,IoT-X1,2022-02-07,True
DEVICE_00783,IoT-PRO,2022-12-09,True
DEVICE_00784,IoT-X2,2024-01-13,True
DEVICE_00785,IoT-PRO,2024-01-28,True
DEVICE_00786,IoT-X1,2023-06-17,True
DEVICE_00787,IoT-PRO,2022-10-18,True
DEVICE_00788,IoT-X1,2022-04-06,True
DEVICE_00789,IoT-PRO,2023-07-20,True
DEVICE_00790,IoT-X2,2023-06-18,True
DEVICE_00791,IoT-X2,2024-02-15,True
DEVICE_00792,IoT-PRO,2022-06-13,True
DEVICE_00793,IoT-X1,2022-01-29,True
DEVICE_00794,IoT-PRO,2023-08-30,True
DEVICE_00795,IoT-X2,2022-09-05,True
DEVICE_00796,IoT-X2,2024-01-14,True
DEVICE_00797,IoT-X2,2023-06-02,True
DEVICE_00798,IoT-X1,2024-01-20,True
DEVICE_00799,IoT-X1,2023-01-17,True
DEVICE_00800,IoT-X2,2023-10-05,True
DEVICE_00801,IoT-PRO,2022-12-29,True
DEVICE_00802,IoT-X1,2022-02-18,True
DEVICE_00803,IoT-PRO,2022-05-08,True
DEVICE_00804,IoT-X2,2022-11-02,True
DEVICE_00805,IoT-PRO,2024-01-25,True
DEVICE_00806,IoT-X1,2023-04-10,True
DEVICE_00807,IoT-X2,2022-08-30,True
DEVICE_00808,IoT-PRO,2023-08-19,True
DEVICE_00809,IoT-PRO,2024-01-02,True
DEVICE_00810,IoT-PRO,2023-11-13,True
DEVICE_00811,IoT-PRO,2023-09-02,True
DEVICE_00812,IoT-X1,2022-12-25,True
DEVICE_00813,IoT-X2,2022-10-19,True
DEVICE_00814,IoT-PRO,2024-01-03,True
DEVICE_00815,IoT-PRO,2023-11-20,True
DEVICE_00816,IoT-X1,2024-01-02,True
DEVICE_00817,IoT-X2,2023-06-17,True
DEVICE_00818,IoT-PRO,2022-09-11,True
DEVICE_00819,IoT-X1,2022-12-02,True
DEVICE_00820,IoT-PRO,2023-08-20,True
DEVICE_00821,IoT-X1,2024-03-08,True
DEVICE_00822,IoT-X2,2023-04-11,True
DEVICE_00823,IoT-X1,2022-05-31,True
DEVICE_00824,IoT-PRO,2023-03-12,True
DEVICE_00825,IoT-X2,2022-03-25,True
DEVICE_00826,IoT-X1,2022-03-05,True
DEVICE_00827,IoT-X2,2022-05-14,True
DEVICE_00828,IoT-X2,2022-08-08,True
DEVICE_00829,IoT-X2,2022-03-21,True
DEVICE_00830,IoT-X2,2023-11-25,True
DEVICE_00831,IoT-PRO,2023-02-17,True
DEVICE_00832,IoT-PRO,2023-07-27,True
DEVICE_00833,IoT-PRO,2024-03-08,True
DEVICE_00834,IoT-X2,2022-09-28,True
DEVICE_00835,IoT-PRO,2023-05-26,True
DEVICE_00836,IoT-PRO,2023-03-10,True
DEVICE_00837,IoT-X2,2023-12-07,True
DEVICE_00838,IoT-X2,2024-01-20,True
DEVICE_00839,IoT-X2,2022-06-16,True
DEVICE_00840,IoT-X1,2023-06-02,True
DEVICE_00841,IoT-X1,2023-05-12,True
DEVICE_00842,IoT-PRO,2023-04-14,True
DEVICE_00843,IoT-X1,2023-12-23,True
DEVICE_00844,IoT-PRO,2023-06-26,True
DEVICE_00845,IoT-X1,2023-12-13,True
DEVICE_00846,IoT-X1,2023-04-12,True
DEVICE_00847,IoT-X2,2022-02-03,True
DEVICE_00848,IoT-PRO,2022-06-10,True
DEVICE_00849,IoT-PRO,2023-01-14,True
DEVICE_00850,IoT-X1,2023-09-09,True
DEVICE_00851,IoT-X2,2022-04-23,True
DEVICE_00852,IoT-X1,2023-01-14,True
DEVICE_00853,IoT-PRO,2022-10-24,True
DEVICE_00854,IoT-X1,2023-06-20,True
DEVICE_00855,IoT-X1,2022-05-01,True
DEVICE_00856,IoT-X2,2022-11-09,True
DEVICE_00857,IoT-X2,2022-11-07,True
DEVICE_00858,IoT-X2,2023-05-13,True
DEVICE_00859,IoT-X1,2022-05-27,True
DEVICE_00860,IoT-X1,2023-08-27,True
DEVICE_00861,IoT-X2,2022-02-19,True
DEVICE_00862,IoT-X2,2022-10-18,True
DEVICE_00863,IoT-X1,2022-07-07,True
DEVICE_00864,IoT-PRO,2023-05-16,True
DEVICE_00865,IoT-X1,2022-05-06,True
DEVICE_00866,IoT-PRO,2022-12-24,True
DEVICE_00867,IoT-X1,2022-02-15,True
DEVICE_00868,IoT-X2,2023-05-08,True
DEVICE_00869,IoT-PRO,2022-11-14,True
DEVICE_00870,IoT-PRO,2023-04-09,True
DEVICE_00871,IoT-X2,2024-03-11,True
DEVICE_00872,IoT-X2,2023-05-02,True
DEVICE_00873,IoT-PRO,2023-09-13,True
DEVICE_00874,IoT-X1,2024-02-20,True
DEVICE_00875,IoT-X1,2023-06-01,True
DEVICE_00876,IoT-PRO,2023-04-17,True
DEVICE_00877,IoT-X2,2023-11-15,True
DEVICE_00878,IoT-X2,2022-06-02,True
DEVICE_00879,IoT-PRO,2022-11-30,True
DEVICE_00880,IoT-X1,2023-10-02,True
DEVICE_00881,IoT-PRO,2023-10-01,True
DEVICE_00882,IoT-X2,2023-02-01,True
DEVICE_00883,IoT-X1,2023-02-09,True
DEVICE_00884,IoT-X2,2023-07-08,True
DEVICE_00885,IoT-X1,2023-11-18,True
DEVICE_00886,IoT-X2,2024-01-24,True
DEVICE_00887,IoT-X2,2023-10-24,True
DEVICE_00888,IoT-X1,2022-06-19,True
DEVICE_00889,IoT-PRO,2022-01-26,True
DEVICE_00890,IoT-PRO,2023-10-08,True
DEVICE_00891,IoT-PRO,2022-11-13,True
DEVICE_00892,IoT-PRO,2023-10-23,True
DEVICE_00893,IoT-X1,2023-10-22,True
DEVICE_00894,IoT-PRO,2022-03-29,True
DEVICE_00895,IoT-X1,2023-09-26,True
DEVICE_00896,IoT-PRO,2023-08-14,True
DEVICE_00897,IoT-X1,2023-08-07,True
DEVICE_00898,IoT-PRO,2022-07-13,True
DEVICE_00899,IoT-X2,2023-05-30,True
DEVICE_00900,IoT-X1,2022-05-04,True
DEVICE_00901,IoT-PRO,2023-06-29,True
DEVICE_00902,IoT-X1,2022-01-20,True
DEVICE_00903,IoT-X2,2022-07-30,True
DEVICE_00904,IoT-X1,2023-12-24,True
DEVICE_00905,IoT-PRO,2023-03-31,True
DEVICE_00906,IoT-X1,2023-07-01,True
DEVICE_00907,IoT-PRO,2022-11-25,True
DEVICE_00908,IoT-X2,2023-08-27,True
DEVICE_00909,IoT-X1,2023-05-19,True
DEVICE_00910,IoT-X1,2022-12-15,True
DEVICE_00911,IoT-X2,2022-07-04,True
DEVICE_00912,IoT-X2,2022-01-25,True
DEVICE_00913,IoT-PRO,2022-11-21,True
DEVICE_00914,IoT-X2,2022-09-21,True
DEVICE_00915,IoT-X1,2022-04-28,True
DEVICE_00916,IoT-X1,2023-07-09,True
DEVICE_00917,IoT-X1,2022-10-20,True
DEVICE_00918,IoT-X1,2022-07-07,True
DEVICE_00919,IoT-X2,2024-02-26,True
DEVICE_00920,IoT-X1,2022-06-07,True
DEVICE_00921,IoT-X2,2023-02-22,True
DEVICE_00922,IoT-PRO,2022-06-23,True
DEVICE_00923,IoT-X1,2023-09-22,True
DEVICE_00924,IoT-X2,2022-07-05,True
DEVICE_00925,IoT-X1,2024-01-01,True
DEVICE_00926,IoT-X1,2022-11-02,True
DEVICE_00927,IoT-X2,2022-04-12,True
DEVICE_00928,IoT-X2,2022-05-26,True
DEVICE_00929,IoT-X2,2022-11-28,True
DEVICE_00930,IoT-X2,2023-01-20,True
DEVICE_00931,IoT-X1,2022-02-23,True
DEVICE_00932,IoT-X1,2022-09-03,True
DEVICE_00933,IoT-PRO,2023-08-24,True
DEVICE_00934,IoT-X1,2023-05-20,True
DEVICE_00935,IoT-PRO,2024-02-10,True
DEVICE_00936,IoT-PRO,2023-01-30,True
DEVICE_00937,IoT-X1,2022-10-03,True
DEVICE_00938,IoT-X1,2022-11-22,True
DEVICE_00939,IoT-X2,2023-07-21,True
DEVICE_00940,IoT-X2,2022-03-09,True
DEVICE_00941,IoT-X2,2022-01-30,True
DEVICE_00942,IoT-X2,2023-10-11,True
DEVICE_00943,IoT-X1,2022-01-20,True
DEVICE_00944,IoT-X2,2023-07-22,True
DEVICE_00945,IoT-PRO,2023-11-23,True
DEVICE_00946,IoT-X1,2022-09-10,True
DEVICE_00947,IoT-PRO,2023-10-30,True
DEVICE_00948,IoT-X1,2022-11-08,True
DEVICE_00949,IoT-PRO,2023-02-21,True
DEVICE_00950,IoT-X2,2022-03-27,True
DEVICE_00951,IoT-PRO,2023-05-28,True
DEVICE_00952,IoT-X1,2022-05-26,True
DEVICE_00953,IoT-X2,2023-07-08,True
DEVICE_00954,IoT-X1,2024-03-11,True
DEVICE_00955,IoT-X1,2023-07-05,True
DEVICE_00956,IoT-X2,2023-07-23,True
DEVICE_00957,IoT-X2,2022-02-12,True
DEVICE_00958,IoT-X1,2023-04-21,True
DEVICE_00959,IoT-PRO,2022-10-24,True
DEVICE_00960,IoT-PRO,2022-06-21,True
DEVICE_00961,IoT-X1,2022-03-03,True
DEVICE_00962,IoT-X2,2022-10-07,True
DEVICE_00963,IoT-PRO,2022-09-14,True
DEVICE_00964,IoT-PRO,2023-01-25,True
DEVICE_00965,IoT-X2,2023-10-10,True
DEVICE_00966,IoT-X1,2023-08-23,True
DEVICE_00967,IoT-PRO,2022-10-16,True
DEVICE_00968,IoT-X1,2022-06-15,True
DEVICE_00969,IoT-PRO,2023-07-01,True
DEVICE_00970,IoT-PRO,2022-03-13,True
DEVICE_00971,IoT-X2,2022-04-02,True
DEVICE_00972,IoT-X2,2023-12-17,True
DEVICE_00973,IoT-X1,2022-05-24,True
DEVICE_00974,IoT-PRO,2023-07-24,True
DEVICE_00975,IoT-X2,2023-03-19,True
DEVICE_00976,IoT-X1,2023-09-18,True
DEVICE_00977,IoT-PRO,2022-11-22,True
DEVICE_00978,IoT-PRO,2022-12-17,True
DEVICE_00979,IoT-PRO,2022-09-25,True
DEVICE_00980,IoT-PRO,2023-04-09,True
DEVICE_00981,IoT-X2,2022-09-09,True
DEVICE_00982,IoT-PRO,2022-11-26,True
DEVICE_00983,IoT-X2,2022-08-04,True
DEVICE_00984,IoT-X2,2023-09-06,True
DEVICE_00985,IoT-X2,2022-01-17,True
DEVICE_00986,IoT-PRO,2022-05-17,True
DEVICE_00987,IoT-PRO,2022-01-03,True
DEVICE_00988,IoT-PRO,2023-05-03,True
DEVICE_00989,IoT-X1,2022-01-10,True
DEVICE_00990,IoT-PRO,2022-06-27,True
DEVICE_00991,IoT-X2,2023-07-24,True
DEVICE_00992,IoT-PRO,2023-12-22,True
DEVICE_00993,IoT-X2,2024-02-20,True
DEVICE_00994,IoT-X2,2023-07-06,True
DEVICE_00995,IoT-X1,2023-10-27,True
DEVICE_00996,IoT-PRO,2022-03-21,True
DEVICE_00997,IoT-PRO,2022-02-01,True
DEVICE_00998,IoT-PRO,2023-04-01,True
DEVICE_00999,IoT-PRO,2022-05-07,True
DEVICE_01000,IoT-X2,2023-01-21,True
DEVICE_01001,IoT-PRO,2023-01-02,True
DEVICE_01002,IoT-X2,2022-07-01,True
DEVICE_01003,IoT-PRO,2022-01-09,True
DEVICE_01004,IoT-X1,2023-04-19,True
DEVICE_01005,IoT-X2,2022-07-17,True
DEVICE_01006,IoT-X2,2022-01-10,True
DEVICE_01007,IoT-X1,2024-01-31,True
DEVICE_01008,IoT-X1,2024-02-16,True
DEVICE_01009,IoT-X2,2023-11-28,True
DEVICE_01010,IoT-PRO,2023-01-02,True
DEVICE_01011,IoT-X1,2022-04-03,True
DEVICE_01012,IoT-PRO,2023-10-03,True
DEVICE_01013,IoT-X2,2024-01-06,True
DEVICE_01014,IoT-X1,2022-08-28,True
DEVICE_01015,IoT-X2,2023-01-07,True
DEVICE_01016,IoT-X1,2022-10-15,True
DEVICE_01017,IoT-X2,2023-12-22,True
DEVICE_01018,IoT-PRO,2023-09-13,True
DEVICE_01019,IoT-X1,2022-01-08,True
DEVICE_01020,IoT-X1,2023-10-16,True
DEVICE_01021,IoT-X2,2022-04-24,True
DEVICE_01022,IoT-X2,2023-08-06,True
DEVICE_01023,IoT-PRO,2023-05-21,True
DEVICE_01024,IoT-X1,2023-07-20,True
DEVICE_01025,IoT-X1,2023-11-07,True
DEVICE_01026,IoT-PRO,2023-08-03,True
DEVICE_01027,IoT-PRO,2023-11-30,True
DEVICE_01028,IoT-PRO,2023-08-02,True
DEVICE_01029,IoT-X1,2022-03-08,True
DEVICE_01030,IoT-PRO,2022-05-12,True
DEVICE_01031,IoT-PRO,2022-03-08,True
DEVICE_01032,IoT-X1,2022-09-23,True
DEVICE_01033,IoT-PRO,2022-08-22,True
DEVICE_01034,IoT-PRO,2024-01-17,True
DEVICE_01035,IoT-X2,2022-07-16,True
DEVICE_01036,IoT-PRO,2022-01-24,True
DEVICE_01037,IoT-PRO,2023-11-26,True
DEVICE_01038,IoT-PRO,2023-09-22,True
DEVICE_01039,IoT-X2,2023-11-29,True
DEVICE_01040,IoT-PRO,2023-04-10,True
DEVICE_01041,IoT-X1,2023-03-14,True
DEVICE_01042,IoT-PRO,2023-11-21,True
DEVICE_01043,IoT-PRO,2022-02-23,True
DEVICE_01044,IoT-X2,2023-03-19,True
DEVICE_01045,IoT-X2,2022-10-08,True
DEVICE_01046,IoT-X1,2023-11-28,True
DEVICE_01047,IoT-PRO,2023-04-23,True
DEVICE_01048,IoT-X2,2023-01-06,True
DEVICE_01049,IoT-PRO,2024-02-17,True
DEVICE_01050,IoT-X1,2024-01-09,True
DEVICE_01051,IoT-X1,2022-02-18,True
DEVICE_01052,IoT-X2,2023-03-07,True
DEVICE_01053,IoT-PRO,2023-04-05,True
DEVICE_01054,IoT-X2,2022-01-06,True
DEVICE_01055,IoT-X2,2022-07-19,True
DEVICE_01056,IoT-X2,2022-03-25,True
DEVICE_01057,IoT-PRO,2022-01-26,True
DEVICE_01058,IoT-PRO,2022-08-20,True
DEVICE_01059,IoT-PRO,2023-03-10,True
DEVICE_01060,IoT-X1,2022-09-13,True
DEVICE_01061,IoT-X1,2022-06-18,True
DEVICE_01062,IoT-X2,2022-11-15,True
DEVICE_01063,IoT-X1,2023-10-04,True
DEVICE_01064,IoT-PRO,2022-04-10,True
DEVICE_01065,IoT-X1,2023-05-07,True
DEVICE_01066,IoT-X2,2022-01-25,True
DEVICE_01067,IoT-PRO,2023-10-04,True
DEVICE_01068,IoT-X2,2022-09-14,True
DEVICE_01069,IoT-X1,2022-04-21,True
DEVICE_01070,IoT-X2,2022-09-02,True
DEVICE_01071,IoT-X2,2022-02-25,True
DEVICE_01072,IoT-X2,2023-06-17,True
DEVICE_01073,IoT-X1,2022-03-16,True
DEVICE_01074,IoT-PRO,2023-09-27,True
DEVICE_01075,IoT-X2,2024-02-22,True
DEVICE_01076,IoT-X1,2023-10-03,True
DEVICE_01077,IoT-X2,2023-08-16,True
DEVICE_01078,IoT-X1,2022-03-29,True
DEVICE_01079,IoT-X1,2022-02-04,True
DEVICE_01080,IoT-X2,2022-11-17,True
DEVICE_01081,IoT-PRO,2022-03-08,True
DEVICE_01082,IoT-X1,2022-03-05,True
DEVICE_01083,IoT-X2,2022-02-26,True
DEVICE_01084,IoT-X2,2023-09-18,True
DEVICE_01085,IoT-PRO,2023-03-19,True
DEVICE_01086,IoT-X1,2022-04-15,True
DEVICE_01087,IoT-PRO,2022-02-27,True
DEVICE_01088,IoT-PRO,2022-02-23,True
DEVICE_01089,IoT-X2,2023-01-26,True
DEVICE_01090,IoT-X2,2022-04-09,True
DEVICE_01091,IoT-PRO,2024-02-10,True
DEVICE_01092,IoT-X2,2022-08-27,True
DEVICE_01093,IoT-PRO,2023-11-07,True
DEVICE_01094,IoT-PRO,2022-01-11,True
DEVICE_01095,IoT-X2,2023-01-29,True
DEVICE_01096,IoT-X2,2023-03-15,True
DEVICE_01097,IoT-PRO,2023-09-27,True
DEVICE_01098,IoT-X1,2022-12-14,True
DEVICE_01099,IoT-PRO,2023-11-23,True
DEVICE_01100,IoT-X1,2023-04-10,True
DEVICE_01101,IoT-PRO,2022-12-03,True
DEVICE_01102,IoT-PRO,2022-07-17,True
DEVICE_01103,IoT-X1,2022-04-16,True
DEVICE_01104,IoT-X1,2023-09-02,True
DEVICE_01105,IoT-PRO,2022-03-11,True
DEVICE_01106,IoT-PRO,2022-07-18,True
DEVICE_01107,IoT-PRO,2022-05-10,True
DEVICE_01108,IoT-PRO,2023-06-06,True
DEVICE_01109,IoT-X2,2022-12-30,True
DEVICE_01110,IoT-X2,2023-05-08,True
DEVICE_01111,IoT-PRO,2023-09-28,True
DEVICE_01112,IoT-X2,2022-07-10,True
DEVICE_01113,IoT-X1,2022-05-21,True
DEVICE_01114,IoT-X1,2022-03-03,True
DEVICE_01115,IoT-X1,2022-11-16,True
DEVICE_01116,IoT-PRO,2023-03-23,True
DEVICE_01117,IoT-PRO,2023-10-30,True
DEVICE_01118,IoT-X2,2022-11-15,True
DEVICE_01119,IoT-PRO,2023-07-09,True
DEVICE_01120,IoT-X1,2022-05-31,True
DEVICE_01121,IoT-X2,2022-11-13,True
DEVICE_01122,IoT-PRO,2022-12-18,True
DEVICE_01123,IoT-X2,2023-01-13,True
DEVICE_01124,IoT-X1,2023-06-15,True
DEVICE_01125,IoT-PRO,2023-11-05,True
DEVICE_01126,IoT-PRO,2022-05-29,True
DEVICE_01127,IoT-X1,2022-09-01,True
DEVICE_01128,IoT-PRO,2023-07-27,True
DEVICE_01129,IoT-X1,2023-03-09,True
DEVICE_01130,IoT-X2,2022-07-20,True
DEVICE_01131,IoT-X1,2023-10-18,True
DEVICE_01132,IoT-X1,2022-03-12,True
DEVICE_01133,IoT-X2,2022-07-13,True
DEVICE_01134,IoT-PRO,2023-05-03,True
DEVICE_01135,IoT-PRO,2023-12-10,True
DEVICE_01136,IoT-X2,2023-09-07,True
DEVICE_01137,IoT-PRO,2022-12-06,True
DEVICE_01138,IoT-PRO,2023-08-03,True
DEVICE_01139,IoT-X2,2023-09-23,True
DEVICE_01140,IoT-X2,2023-03-05,True
DEVICE_01141,IoT-X2,2022-06-16,True
DEVICE_01142,IoT-X1,2023-04-11,True
DEVICE_01143,IoT-X1,2023-05-23,True
DEVICE_01144,IoT-X1,2022-01-04,True
DEVICE_01145,IoT-PRO,2022-08-17,True
DEVICE_01146,IoT-PRO,2022-08-24,True
DEVICE_01147,IoT-X2,2023-10-01,True
DEVICE_01148,IoT-X1,2022-09-02,True
DEVICE_01149,IoT-X2,2024-01-23,True
DEVICE_01150,IoT-X2,2024-01-28,True
DEVICE_01151,IoT-X2,2022-07-30,True
DEVICE_01152,IoT-X2,2022-07-08,True
DEVICE_01153,IoT-X1,2023-01-07,True
DEVICE_01154,IoT-X1,2022-03-17,True
DEVICE_01155,IoT-X2,2022-01-31,True
DEVICE_01156,IoT-PRO,2022-04-28,True
DEVICE_01157,IoT-X1,2022-10-25,True
DEVICE_01158,IoT-X2,2022-07-19,True
DEVICE_01159,IoT-PRO,2023-08-23,True
DEVICE_01160,IoT-X2,2022-02-14,True
DEVICE_01161,IoT-X1,2022-07-23,True
DEVICE_01162,IoT-X1,2022-10-18,True
DEVICE_01163,IoT-X1,2022-08-13,True
DEVICE_01164,IoT-X2,2024-01-07,True
DEVICE_01165,IoT-X1,2022-12-14,True
DEVICE_01166,IoT-PRO,2022-09-09,True
DEVICE_01167,IoT-X1,2022-07-20,True
DEVICE_01168,IoT-X1,2022-06-30,True
DEVICE_01169,IoT-X2,2022-04-14,True
DEVICE_01170,IoT-X1,2023-11-25,True
DEVICE_01171,IoT-X1,2023-01-24,True
DEVICE_01172,IoT-PRO,2022-04-24,True
DEVICE_01173,IoT-X2,2022-08-04,True
DEVICE_01174,IoT-X2,2023-04-13,True
DEVICE_01175,IoT-X1,2023-01-14,True
DEVICE_01176,IoT-X2,2023-11-08,True
DEVICE_01177,IoT-X1,2023-06-24,True
DEVICE_01178,IoT-PRO,2023-03-21,True
DEVICE_01179,IoT-PRO,2022-03-08,True
DEVICE_01180,IoT-X1,2022-05-28,True
DEVICE_01181,IoT-X1,2022-07-14,True
DEVICE_01182,IoT-X1,2023-06-30,True
DEVICE_01183,IoT-X2,2023-12-13,True
DEVICE_01184,IoT-X2,2022-11-22,True
DEVICE_01185,IoT-PRO,2023-03-16,True
DEVICE_01186,IoT-PRO,2022-09-08,True
DEVICE_01187,IoT-X1,2024-02-21,True
DEVICE_01188,IoT-PRO,2023-08-25,True
DEVICE_01189,IoT-X1,2023-07-03,True
DEVICE_01190,IoT-X2,2022-06-02,True
DEVICE_01191,IoT-X2,2022-09-11,True
DEVICE_01192,IoT-X1,2023-10-07,True
DEVICE_01193,IoT-X2,2022-05-10,True
DEVICE_01194,IoT-PRO,2023-08-22,True
DEVICE_01195,IoT-X2,2022-08-03,True
DEVICE_01196,IoT-PRO,2022-03-25,True
DEVICE_01197,IoT-X2,2023-11-11,True
DEVICE_01198,IoT-PRO,2022-03-08,True
DEVICE_01199,IoT-X1,2023-06-05,True
DEVICE_01200,IoT-X2,2024-02-09,True
DEVICE_01201,IoT-PRO,2024-02-09,True
DEVICE_01202,IoT-PRO,2023-01-19,True
DEVICE_01203,IoT-X2,2023-06-16,True
DEVICE_01204,IoT-X2,2022-07-03,True
DEVICE_01205,IoT-X2,2023-12-31,True
DEVICE_01206,IoT-X2,2023-06-23,True
DEVICE_01207,IoT-PRO,2023-05-10,True
DEVICE_01208,IoT-PRO,2023-05-22,True
DEVICE_01209,IoT-X2,2022-10-02,True
DEVICE_01210,IoT-PRO,2023-02-15,True
DEVICE_01211,IoT-PRO,2023-08-21,True
DEVICE_01212,IoT-PRO,2022-02-07,True
DEVICE_01213,IoT-X1,2022-08-13,True
DEVICE_01214,IoT-X1,2023-04-08,True
DEVICE_01215,IoT-X1,2023-02-10,True
DEVICE_01216,IoT-X1,2022-11-10,True
DEVICE_01217,IoT-X2,2023-01-22,True
DEVICE_01218,IoT-PRO,2022-06-10,True
DEVICE_01219,IoT-X2,2022-09-18,True
DEVICE_01220,IoT-PRO,2022-03-28,True
DEVICE_01221,IoT-X1,2024-02-09,True
DEVICE_01222,IoT-X1,2022-10-30,True
DEVICE_01223,IoT-X2,2023-06-16,True
DEVICE_01224,IoT-X2,2022-08-24,True
DEVICE_01225,IoT-PRO,2022-02-12,True
DEVICE_01226,IoT-X2,2023-06-09,True
DEVICE_01227,IoT-PRO,2022-12-11,True
DEVICE_01228,IoT-X2,2023-04-07,True
DEVICE_01229,IoT-X2,2023-03-19,True
DEVICE_01230,IoT-X2,2023-01-12,True
DEVICE_01231,IoT-X2,2022-11-21,True
DEVICE_01232,IoT-X2,2023-01-27,True
DEVICE_01233,IoT-X1,2022-07-03,True
DEVICE_01234,IoT-X2,2022-08-28,True
DEVICE_01235,IoT-X2,2023-10-23,True
DEVICE_01236,IoT-X1,2023-01-03,True
DEVICE_01237,IoT-X1,2022-10-29,True
DEVICE_01238,IoT-PRO,2023-06-10,True
DEVICE_01239,IoT-PRO,2023-10-22,True
DEVICE_01240,IoT-X1,2022-10-11,True
DEVICE_01241,IoT-X1,2022-04-11,True
DEVICE_01242,IoT-X1,2022-03-15,True
DEVICE_01243,IoT-X2,2022-02-09,True
DEVICE_01244,IoT-PRO,2022-07-25,True
DEVICE_01245,IoT-X2,2022-07-21,True
DEVICE_01246,IoT-PRO,2022-12-04,True
DEVICE_01247,IoT-X2,2022-11-06,True
DEVICE_01248,IoT-PRO,2024-02-26,True
DEVICE_01249,IoT-PRO,2022-10-09,True
DEVICE_01250,IoT-X1,2023-12-24,True
DEVICE_01251,IoT-PRO,2022-05-22,True
DEVICE_01252,IoT-PRO,2024-01-28,True
DEVICE_01253,IoT-PRO,2022-09-25,True
DEVICE_01254,IoT-X1,2024-02-28,True
DEVICE_01255,IoT-X2,2022-10-16,True
DEVICE_01256,IoT-X2,2023-02-18,True
DEVICE_01257,IoT-X2,2023-08-17,True
DEVICE_01258,IoT-PRO,2022-01-13,True
DEVICE_01259,IoT-X2,2023-11-01,True
DEVICE_01260,IoT-PRO,2024-02-19,True
DEVICE_01261,IoT-X1,2023-02-12,True
DEVICE_01262,IoT-X1,2022-08-21,True
DEVICE_01263,IoT-PRO,2024-02-07,True
DEVICE_01264,IoT-X1,2023-05-01,True
DEVICE_01265,IoT-X1,2023-06-13,True
DEVICE_01266,IoT-PRO,2023-07-20,True
DEVICE_01267,IoT-X2,2024-01-10,True
DEVICE_01268,IoT-X2,2022-12-15,True
DEVICE_01269,IoT-X1,2022-11-17,True
DEVICE_01270,IoT-X1,2023-03-16,True
DEVICE_01271,IoT-PRO,2023-03-04,True
DEVICE_01272,IoT-X1,2023-03-26,True
DEVICE_01273,IoT-X2,2023-07-26,True
DEVICE_01274,IoT-X1,2023-01-19,True
DEVICE_01275,IoT-X1,2023-08-15,True
DEVICE_01276,IoT-X1,2022-11-09,True
DEVICE_01277,IoT-PRO,2022-01-10,True
DEVICE_01278,IoT-X2,2023-11-06,True
DEVICE_01279,IoT-X2,2022-12-14,True
DEVICE_01280,IoT-X1,2023-03-06,True
DEVICE_01281,IoT-X2,2023-12-04,True
DEVICE_01282,IoT-X2,2024-02-21,True
DEVICE_01283,IoT-PRO,2023-07-05,True
DEVICE_01284,IoT-X2,2022-11-30,True
DEVICE_01285,IoT-PRO,2022-01-24,True
DEVICE_01286,IoT-PRO,2022-02-02,True
DEVICE_01287,IoT-X1,2022-06-07,True
DEVICE_01288,IoT-X2,2023-08-05,True
DEVICE_01289,IoT-PRO,2023-09-10,True
DEVICE_01290,IoT-PRO,2023-08-11,True
DEVICE_01291,IoT-X2,2023-01-26,True
DEVICE_01292,IoT-X1,2023-02-05,True
DEVICE_01293,IoT-X1,2023-07-02,True
DEVICE_01294,IoT-X2,2022-07-12,True
DEVICE_01295,IoT-X2,2022-04-22,True
DEVICE_01296,IoT-X2,2023-08-07,True
DEVICE_01297,IoT-X2,2023-10-17,True
DEVICE_01298,IoT-X2,2022-04-06,True
DEVICE_01299,IoT-X1,2022-04-17,True
DEVICE_01300,IoT-PRO,2023-07-21,True
DEVICE_01301,IoT-X1,2022-02-02,True
DEVICE_01302,IoT-PRO,2023-09-10,True
DEVICE_01303,IoT-X2,2022-01-28,True
DEVICE_01304,IoT-X1,2022-07-23,True
DEVICE_01305,IoT-X1,2023-01-31,True
DEVICE_01306,IoT-X2,2022-07-30,True
DEVICE_01307,IoT-X1,2022-10-26,True
DEVICE_01308,IoT-PRO,2023-06-21,True
DEVICE_01309,IoT-X1,2023-04-11,True
DEVICE_01310,IoT-X1,2023-01-13,True
DEVICE_01311,IoT-PRO,2022-01-12,True
DEVICE_01312,IoT-X1,2022-12-01,True
DEVICE_01313,IoT-X2,2023-02-05,True
DEVICE_01314,IoT-X1,2022-04-24,True
DEVICE_01315,IoT-X1,2023-07-04,True
DEVICE_01316,IoT-X2,2023-05-05,True
DEVICE_01317,IoT-PRO,2022-03-12,True
DEVICE_01318,IoT-X2,2022-07-31,True
DEVICE_01319,IoT-X1,2022-07-30,True
DEVICE_01320,IoT-X2,2023-03-19,True
DEVICE_01321,IoT-PRO,2023-11-12,True
DEVICE_01322,IoT-X2,2022-06-12,True
DEVICE_01323,IoT-PRO,2023-08-12,True
DEVICE_01324,IoT-X2,2023-08-25,True
DEVICE_01325,IoT-X1,2023-05-30,True
DEVICE_01326,IoT-PRO,2023-12-03,True
DEVICE_01327,IoT-X2,2022-10-10,True
DEVICE_01328,IoT-X1,2022-01-08,True
DEVICE_01329,IoT-X1,2023-04-02,True
DEVICE_01330,IoT-X1,2023-02-13,True
DEVICE_01331,IoT-PRO,2022-09-10,True
DEVICE_01332,IoT-PRO,2022-12-03,True
DEVICE_01333,IoT-PRO,2023-05-18,True
DEVICE_01334,IoT-X2,2023-04-19,True
DEVICE_01335,IoT-PRO,2022-02-10,True
DEVICE_01336,IoT-PRO,2022-04-04,True
DEVICE_01337,IoT-X2,2023-10-24,True
DEVICE_01338,IoT-X2,2022-12-22,True
DEVICE_01339,IoT-PRO,2023-12-30,True
DEVICE_01340,IoT-X2,2023-02-05,True
DEVICE_01341,IoT-PRO,2022-06-29,True
DEVICE_01342,IoT-X2,2022-09-13,True
DEVICE_01343,IoT-X1,2023-09-25,True
DEVICE_01344,IoT-PRO,2023-03-19,True
DEVICE_01345,IoT-X2,2023-01-29,True
DEVICE_01346,IoT-PRO,2022-07-07,True
DEVICE_01347,IoT-PRO,2023-08-06,True
DEVICE_01348,IoT-X1,2023-02-07,True
DEVICE_01349,IoT-PRO,2022-02-14,True
DEVICE_01350,IoT-X1,2022-06-11,True
DEVICE_01351,IoT-X2,2023-10-06,True
DEVICE_01352,IoT-PRO,2022-10-26,True
DEVICE_01353,IoT-PRO,2022-03-10,True
DEVICE_01354,IoT-PRO,2024-01-14,True
DEVICE_01355,IoT-PRO,2022-08-11,True
DEVICE_01356,IoT-X2,2023-02-26,True
DEVICE_01357,IoT-PRO,2022-05-05,True
DEVICE_01358,IoT-X2,2022-03-20,True
DEVICE_01359,IoT-X1,2023-06-01,True
DEVICE_01360,IoT-X2,2023-02-24,True
DEVICE_01361,IoT-X2,2022-06-18,True
DEVICE_01362,IoT-X2,2022-08-01,True
DEVICE_01363,IoT-PRO,2022-02-15,True
DEVICE_01364,IoT-X2,2022-01-28,True
DEVICE_01365,IoT-X1,2023-10-17,True
DEVICE_01366,IoT-PRO,2023-11-23,True
DEVICE_01367,IoT-PRO,2023-04-18,True
DEVICE_01368,IoT-X2,2022-12-18,True
DEVICE_01369,IoT-PRO,2023-02-13,True
DEVICE_01370,IoT-X1,2023-02-11,True
DEVICE_01371,IoT-X1,2022-01-11,True
DEVICE_01372,IoT-X2,2022-04-28,True
DEVICE_01373,IoT-PRO,2022-05-20,True
DEVICE_01374,IoT-X2,2023-11-18,True
DEVICE_01375,IoT-PRO,2023-04-21,True
DEVICE_01376,IoT-X2,2023-04-18,True
DEVICE_01377,IoT-X1,2022-03-26,True
DEVICE_01378,IoT-PRO,2023-11-04,True
DEVICE_01379,IoT-X1,2024-01-01,True
DEVICE_01380,IoT-X2,2022-05-24,True
DEVICE_01381,IoT-X2,2022-10-13,True
DEVICE_01382,IoT-X1,2022-06-24,True
DEVICE_01383,IoT-X1,2023-09-14,True
DEVICE_01384,IoT-X1,2022-07-01,True
DEVICE_01385,IoT-X2,2022-05-08,True
DEVICE_01386,IoT-PRO,2024-01-30,True
DEVICE_01387,IoT-X2,2022-06-22,True
DEVICE_01388,IoT-X1,2023-11-19,True
DEVICE_01389,IoT-X1,2023-11-25,True
DEVICE_01390,IoT-X2,2022-06-07,True
DEVICE_01391,IoT-X2,2023-01-02,True
DEVICE_01392,IoT-X1,2022-08-10,True
DEVICE_01393,IoT-PRO,2022-02-05,True
DEVICE_01394,IoT-PRO,2023-06-30,True
DEVICE_01395,IoT-X1,2023-03-29,True
DEVICE_01396,IoT-PRO,2022-02-18,True
DEVICE_01397,IoT-PRO,2023-06-20,True
DEVICE_01398,IoT-PRO,2023-11-10,True
DEVICE_01399,IoT-PRO,2023-11-07,True
DEVICE_01400,IoT-X1,2023-02-04,True
DEVICE_01401,IoT-PRO,2022-11-12,True
DEVICE_01402,IoT-X2,2022-02-23,True
DEVICE_01403,IoT-PRO,2022-01-05,True
DEVICE_01404,IoT-X1,2024-03-01,True
DEVICE_01405,IoT-X2,2024-02-25,True
DEVICE_01406,IoT-X1,2022-09-13,True
DEVICE_01407,IoT-X2,2022-09-02,True
DEVICE_01408,IoT-X1,2022-04-04,True
DEVICE_01409,IoT-X1,2023-03-08,True
DEVICE_01410,IoT-X1,2022-01-15,True
DEVICE_01411,IoT-X2,2022-07-16,True
DEVICE_01412,IoT-PRO,2023-11-17,True
DEVICE_01413,IoT-X1,2022-08-14,True
DEVICE_01414,IoT-X1,2023-11-12,True
DEVICE_01415,IoT-X1,2024-01-12,True
DEVICE_01416,IoT-X1,2022-02-15,True
DEVICE_01417,IoT-X2,2023-06-09,True
DEVICE_01418,IoT-X1,2022-12-01,True
DEVICE_01419,IoT-X2,2023-07-30,True
DEVICE_01420,IoT-PRO,2022-07-14,True
DEVICE_01421,IoT-PRO,2022-08-01,True
DEVICE_01422,IoT-PRO,2023-02-09,True
DEVICE_01423,IoT-X2,2022-05-04,True
DEVICE_01424,IoT-X1,2022-08-07,True
DEVICE_01425,IoT-X1,2023-01-01,True
DEVICE_01426,IoT-X2,2022-06-27,True
DEVICE_01427,IoT-X1,2023-02-16,True
DEVICE_01428,IoT-PRO,2022-11-20,True
DEVICE_01429,IoT-X1,2023-02-03,True
DEVICE_01430,IoT-X1,2023-04-15,True
DEVICE_01431,IoT-X1,2022-03-09,True
DEVICE_01432,IoT-PRO,2022-10-13,True
DEVICE_01433,IoT-PRO,2023-10-01,True
DEVICE_01434,IoT-X2,2022-02-14,True
DEVICE_01435,IoT-X1,2022-08-12,True
DEVICE_01436,IoT-X2,2022-11-05,True
DEVICE_01437,IoT-PRO,2023-05-27,True
DEVICE_01438,IoT-X1,2023-12-31,True
DEVICE_01439,IoT-PRO,2023-08-06,True
DEVICE_01440,IoT-X1,2022-09-15,True
DEVICE_01441,IoT-X1,2023-09-07,True
DEVICE_01442,IoT-X2,2023-10-09,True
DEVICE_01443,IoT-PRO,2023-02-02,True
DEVICE_01444,IoT-PRO,2024-02-29,True
DEVICE_01445,IoT-PRO,2022-05-17,True
DEVICE_01446,IoT-X2,2022-06-29,True
DEVICE_01447,IoT-PRO,2024-02-19,True
DEVICE_01448,IoT-PRO,2022-11-22,True
DEVICE_01449,IoT-PRO,2023-05-09,True
DEVICE_01450,IoT-X1,2022-12-10,True
DEVICE_01451,IoT-X1,2023-09-16,True
DEVICE_01452,IoT-PRO,2023-04-05,True
DEVICE_01453,IoT-X2,2023-06-08,True
DEVICE_01454,IoT-PRO,2024-01-30,True
DEVICE_01455,IoT-X1,2023-05-31,True
DEVICE_01456,IoT-PRO,2023-12-23,True
DEVICE_01457,IoT-X1,2022-08-27,True
DEVICE_01458,IoT-X1,2023-09-24,True
DEVICE_01459,IoT-X1,2022-11-13,True
DEVICE_01460,IoT-X1,2024-01-26,True
DEVICE_01461,IoT-X2,2024-02-15,True
DEVICE_01462,IoT-X1,2023-09-27,True
DEVICE_01463,IoT-X1,2022-03-03,True
DEVICE_01464,IoT-X1,2023-01-19,True
DEVICE_01465,IoT-X2,2022-10-31,True
DEVICE_01466,IoT-X1,2022-06-05,True
DEVICE_01467,IoT-X2,2022-07-29,True
DEVICE_01468,IoT-PRO,2022-02-08,True
DEVICE_01469,IoT-X1,2024-01-13,True
DEVICE_01470,IoT-PRO,2023-03-31,True
DEVICE_01471,IoT-PRO,2022-12-03,True
DEVICE_01472,IoT-X1,2022-10-12,True
DEVICE_01473,IoT-X2,2023-10-22,True
DEVICE_01474,IoT-X1,2023-06-18,True
DEVICE_01475,IoT-X2,2023-10-26,True
DEVICE_01476,IoT-X2,2024-02-08,True
DEVICE_01477,IoT-X1,2022-08-23,True
DEVICE_01478,IoT-PRO,2022-12-06,True
DEVICE_01479,IoT-X2,2022-09-06,True
DEVICE_01480,IoT-X1,2023-07-07,True
DEVICE_01481,IoT-X1,2023-11-12,True
DEVICE_01482,IoT-X1,2023-12-05,True
DEVICE_01483,IoT-PRO,2024-01-07,True
DEVICE_01484,IoT-X1,2023-09-15,True
DEVICE_01485,IoT-X2,2023-06-18,True
DEVICE_01486,IoT-X2,2022-07-07,True
DEVICE_01487,IoT-X2,2023-10-07,True
DEVICE_01488,IoT-X1,2022-03-08,True
DEVICE_01489,IoT-X2,2022-03-13,True
DEVICE_01490,IoT-X1,2022-02-23,True
DEVICE_01491,IoT-PRO,2022-05-25,True
DEVICE_01492,IoT-X1,2022-05-09,True
DEVICE_01493,IoT-X1,2022-06-27,True
DEVICE_01494,IoT-PRO,2023-07-17,True
DEVICE_01495,IoT-X1,2022-08-30,True
DEVICE_01496,IoT-PRO,2022-03-22,True
DEVICE_01497,IoT-X2,2024-01-13,True
DEVICE_01498,IoT-X2,2022-11-15,True
DEVICE_01499,IoT-X1,2024-01-09,True
DEVICE_01500,IoT-X1,2022-09-08,True
DEVICE_01501,IoT-X2,2022-06-30,True
DEVICE_01502,IoT-PRO,2022-09-12,True
DEVICE_01503,IoT-X2,2022-10-20,True
DEVICE_01504,IoT-PRO,2023-04-05,True
DEVICE_01505,IoT-PRO,2022-07-26,True
DEVICE_01506,IoT-X2,2024-03-11,True
DEVICE_01507,IoT-X2,2022-03-23,True
DEVICE_01508,IoT-X2,2023-02-12,True
DEVICE_01509,IoT-X2,2022-06-21,True
DEVICE_01510,IoT-X2,2023-03-28,True
DEVICE_01511,IoT-X2,2023-06-02,True
DEVICE_01512,IoT-PRO,2024-01-23,True
DEVICE_01513,IoT-X2,2024-02-18,True
DEVICE_01514,IoT-X1,2023-05-09,True
DEVICE_01515,IoT-X1,2024-02-20,True
DEVICE_01516,IoT-X2,2023-03-14,True
DEVICE_01517,IoT-X1,2024-02-17,True
DEVICE_01518,IoT-X2,2023-09-02,True
DEVICE_01519,IoT-PRO,2022-06-06,True
DEVICE_01520,IoT-PRO,2024-01-15,True
DEVICE_01521,IoT-X1,2022-09-21,True
DEVICE_01522,IoT-X2,2023-04-20,True
DEVICE_01523,IoT-X2,2023-04-10,True
DEVICE_01524,IoT-X2,2023-01-20,True
DEVICE_01525,IoT-PRO,2023-09-13,True
DEVICE_01526,IoT-X2,2022-03-15,True
DEVICE_01527,IoT-X2,2022-05-20,True
DEVICE_01528,IoT-PRO,2023-04-26,True
DEVICE_01529,IoT-X1,2022-06-08,True
DEVICE_01530,IoT-X1,2022-01-05,True
DEVICE_01531,IoT-X1,2023-05-28,True
DEVICE_01532,IoT-PRO,2024-01-13,True
DEVICE_01533,IoT-X2,2023-05-19,True
DEVICE_01534,IoT-X2,2023-03-02,True
DEVICE_01535,IoT-X2,2024-01-31,True
DEVICE_01536,IoT-X2,2023-01-29,True
DEVICE_01537,IoT-X2,2022-11-12,True
DEVICE_01538,IoT-PRO,2023-08-26,True
DEVICE_01539,IoT-X1,2023-02-23,True
DEVICE_01540,IoT-X1,2022-05-08,True
DEVICE_01541,IoT-X2,2023-08-03,True
DEVICE_01542,IoT-X1,2022-07-18,True
DEVICE_01543,IoT-X2,2022-09-19,True
DEVICE_01544,IoT-PRO,2022-12-23,True
DEVICE_01545,IoT-PRO,2023-12-28,True
DEVICE_01546,IoT-X2,2023-10-13,True
DEVICE_01547,IoT-PRO,2023-01-13,True
DEVICE_01548,IoT-PRO,2022-03-01,True
DEVICE_01549,IoT-PRO,2023-01-30,True
DEVICE_01550,IoT-X2,2024-01-24,True
DEVICE_01551,IoT-X1,2022-09-06,True
DEVICE_01552,IoT-X2,2022-02-05,True
DEVICE_01553,IoT-X2,2023-10-09,True
DEVICE_01554,IoT-PRO,2023-11-24,True
DEVICE_01555,IoT-X1,2023-12-16,True
DEVICE_01556,IoT-PRO,2023-10-23,True
DEVICE_01557,IoT-X1,2022-09-25,True
DEVICE_01558,IoT-PRO,2023-04-12,True
DEVICE_01559,IoT-PRO,2022-05-31,True
DEVICE_01560,IoT-X2,2022-09-11,True
DEVICE_01561,IoT-PRO,2023-08-16,True
DEVICE_01562,IoT-PRO,2022-06-15,True
DEVICE_01563,IoT-X1,2022-04-30,True
DEVICE_01564,IoT-X1,2023-10-22,True
DEVICE_01565,IoT-PRO,2023-01-29,True
DEVICE_01566,IoT-X2,2023-12-25,True
DEVICE_01567,IoT-PRO,2022-03-24,True
DEVICE_01568,IoT-PRO,2022-07-13,True
DEVICE_01569,IoT-X2,2022-06-19,True
DEVICE_01570,IoT-X2,2022-09-16,True
DEVICE_01571,IoT-PRO,2022-11-06,True
DEVICE_01572,IoT-PRO,2023-06-30,True
DEVICE_01573,IoT-PRO,2023-01-27,True
DEVICE_01574,IoT-PRO,2022-11-12,True
DEVICE_01575,IoT-PRO,2023-02-26,True
DEVICE_01576,IoT-PRO,2022-04-02,True
DEVICE_01577,IoT-X1,2023-10-14,True
DEVICE_01578,IoT-PRO,2024-03-06,True
DEVICE_01579,IoT-X2,2022-05-27,True
DEVICE_01580,IoT-X2,2024-02-06,True
DEVICE_01581,IoT-X1,2024-02-06,True
DEVICE_01582,IoT-X2,2023-12-17,True
DEVICE_01583,IoT-X2,2022-01-07,True
DEVICE_01584,IoT-X1,2023-05-19,True
DEVICE_01585,IoT-X1,2022-04-10,True
DEVICE_01586,IoT-X1,2024-03-03,True
DEVICE_01587,IoT-PRO,2023-03-04,True
DEVICE_01588,IoT-PRO,2023-03-03,True
DEVICE_01589,IoT-PRO,2022-10-23,True
DEVICE_01590,IoT-PRO,2023-03-18,True
DEVICE_01591,IoT-X1,2022-06-30,True
DEVICE_01592,IoT-X2,2022-07-10,True
DEVICE_01593,IoT-PRO,2022-05-18,True
DEVICE_01594,IoT-X1,2023-05-14,True
DEVICE_01595,IoT-X1,2023-05-30,True
DEVICE_01596,IoT-X1,2023-04-07,True
DEVICE_01597,IoT-PRO,2022-08-06,True
DEVICE_01598,IoT-X1,2022-07-25,True
DEVICE_01599,IoT-X1,2024-02-07,True
DEVICE_01600,IoT-X1,2024-02-17,True
DEVICE_01601,IoT-X1,2022-09-23,True
DEVICE_01602,IoT-X2,2023-03-28,True
DEVICE_01603,IoT-PRO,2023-10-02,True
DEVICE_01604,IoT-X1,2023-10-14,True
DEVICE_01605,IoT-X1,2022-03-23,True
DEVICE_01606,IoT-X2,2022-03-29,True
DEVICE_01607,IoT-X2,2022-05-08,True
DEVICE_01608,IoT-X2,2022-03-07,True
DEVICE_01609,IoT-X2,2022-01-31,True
DEVICE_01610,IoT-PRO,2022-08-29,True
DEVICE_01611,IoT-X2,2023-05-12,True
DEVICE_01612,IoT-PRO,2024-02-18,True
DEVICE_01613,IoT-X1,2022-01-10,True
DEVICE_01614,IoT-X1,2022-09-30,True
DEVICE_01615,IoT-X1,2023-11-13,True
DEVICE_01616,IoT-PRO,2022-02-12,True
DEVICE_01617,IoT-X1,2022-08-05,True
DEVICE_01618,IoT-PRO,2022-01-08,True
DEVICE_01619,IoT-X2,2023-09-10,True
DEVICE_01620,IoT-PRO,2024-02-19,True
DEVICE_01621,IoT-X2,2023-05-13,True
DEVICE_01622,IoT-X2,2024-02-15,True
DEVICE_01623,IoT-X2,2023-09-11,True
DEVICE_01624,IoT-X2,2022-12-11,True
DEVICE_01625,IoT-X2,2023-11-30,True
DEVICE_01626,IoT-X2,2022-11-19,True
DEVICE_01627,IoT-X1,2023-01-05,True
DEVICE_01628,IoT-PRO,2023-02-13,True
DEVICE_01629,IoT-X2,2023-09-18,True
DEVICE_01630,IoT-X1,2022-12-31,True
DEVICE_01631,IoT-X2,2022-04-13,True
DEVICE_01632,IoT-X1,2023-04-13,True
DEVICE_01633,IoT-PRO,2023-02-16,True
DEVICE_01634,IoT-PRO,2022-05-23,True
DEVICE_01635,IoT-X1,2023-09-09,True
DEVICE_01636,IoT-X1,2023-06-28,True
DEVICE_01637,IoT-X2,2023-12-18,True
DEVICE_01638,IoT-X1,2023-01-13,True
DEVICE_01639,IoT-X2,2023-09-26,True
DEVICE_01640,IoT-PRO,2023-11-06,True
DEVICE_01641,IoT-X2,2023-06-12,True
DEVICE_01642,IoT-X2,2023-11-08,True
DEVICE_01643,IoT-X1,2022-01-04,True
DEVICE_01644,IoT-PRO,2022-11-26,True
DEVICE_01645,IoT-X1,2023-10-11,True
DEVICE_01646,IoT-X2,2022-02-16,True
DEVICE_01647,IoT-PRO,2022-11-30,True
DEVICE_01648,IoT-PRO,2023-03-31,True
DEVICE_01649,IoT-X1,2023-09-14,True
DEVICE_01650,IoT-X2,2023-02-14,True
DEVICE_01651,IoT-PRO,2023-09-20,True
DEVICE_01652,IoT-X1,2022-12-23,True
DEVICE_01653,IoT-X2,2023-05-03,True
DEVICE_01654,IoT-PRO,2023-12-18,True
DEVICE_01655,IoT-X1,2024-01-22,True
DEVICE_01656,IoT-X2,2022-10-28,True
DEVICE_01657,IoT-PRO,2022-07-19,True
DEVICE_01658,IoT-PRO,2022-05-27,True
DEVICE_01659,IoT-PRO,2023-08-09,True
DEVICE_01660,IoT-PRO,2023-06-01,True
DEVICE_01661,IoT-X1,2022-05-11,True
DEVICE_01662,IoT-X2,2022-03-31,True
DEVICE_01663,IoT-X2,2023-11-21,True
DEVICE_01664,IoT-PRO,2023-04-24,True
DEVICE_01665,IoT-X1,2023-04-02,True
DEVICE_01666,IoT-X1,2023-05-09,True
DEVICE_01667,IoT-PRO,2023-07-08,True
DEVICE_01668,IoT-X1,2022-09-07,True
DEVICE_01669,IoT-X1,2022-06-24,True
DEVICE_01670,IoT-PRO,2023-12-18,True
DEVICE_01671,IoT-X1,2022-04-19,True
DEVICE_01672,IoT-X2,2024-01-03,True
DEVICE_01673,IoT-X1,2022-06-14,True
DEVICE_01674,IoT-X2,2023-01-28,True
DEVICE_01675,IoT-X2,2022-08-14,True
DEVICE_01676,IoT-PRO,2022-09-21,True
DEVICE_01677,IoT-PRO,2023-05-03,True
DEVICE_01678,IoT-PRO,2022-05-07,True
DEVICE_01679,IoT-PRO,2022-05-20,True
DEVICE_01680,IoT-PRO,2023-10-11,True
DEVICE_01681,IoT-PRO,2023-05-19,True
DEVICE_01682,IoT-X1,2023-12-10,True
DEVICE_01683,IoT-X2,2022-08-18,True
DEVICE_01684,IoT-PRO,2024-02-24,True
DEVICE_01685,IoT-PRO,2022-03-08,True
DEVICE_01686,IoT-PRO,2022-12-18,True
DEVICE_01687,IoT-X2,2024-01-05,True
DEVICE_01688,IoT-PRO,2024-01-24,True
DEVICE_01689,IoT-PRO,2023-01-26,True
DEVICE_01690,IoT-PRO,2023-10-20,True
DEVICE_01691,IoT-PRO,2023-03-24,True
DEVICE_01692,IoT-X1,2022-08-17,True
DEVICE_01693,IoT-X2,2022-04-29,True
DEVICE_01694,IoT-X2,2022-03-31,True
DEVICE_01695,IoT-X1,2022-04-02,True
DEVICE_01696,IoT-X2,2024-01-29,True
DEVICE_01697,IoT-PRO,2022-07-12,True
DEVICE_01698,IoT-PRO,2022-04-29,True
DEVICE_01699,IoT-PRO,2023-01-12,True
DEVICE_01700,IoT-X1,2022-11-17,True
DEVICE_01701,IoT-X2,2023-08-14,True
DEVICE_01702,IoT-PRO,2022-01-02,True
DEVICE_01703,IoT-X2,2022-03-05,True
DEVICE_01704,IoT-PRO,2023-07-03,True
DEVICE_01705,IoT-X1,2023-02-02,True
DEVICE_01706,IoT-X2,2022-11-24,True
DEVICE_01707,IoT-X2,2023-11-27,True
DEVICE_01708,IoT-X1,2023-06-17,True
DEVICE_01709,IoT-PRO,2023-09-09,True
DEVICE_01710,IoT-PRO,2022-08-16,True
DEVICE_01711,IoT-X1,2023-02-09,True
DEVICE_01712,IoT-X1,2023-07-06,True
DEVICE_01713,IoT-X2,2022-11-20,True
DEVICE_01714,IoT-X1,2022-10-31,True
DEVICE_01715,IoT-X1,2023-05-27,True
DEVICE_01716,IoT-PRO,2023-04-12,True
DEVICE_01717,IoT-X1,2023-09-08,True
DEVICE_01718,IoT-X2,2022-05-30,True
DEVICE_01719,IoT-PRO,2023-11-13,True
DEVICE_01720,IoT-PRO,2022-02-05,True
DEVICE_01721,IoT-PRO,2022-11-24,True
DEVICE_01722,IoT-X2,2023-05-30,True
DEVICE_01723,IoT-PRO,2022-05-07,True
DEVICE_01724,IoT-X2,2023-12-25,True
DEVICE_01725,IoT-PRO,2023-05-05,True
DEVICE_01726,IoT-PRO,2022-08-09,True
DEVICE_01727,IoT-X2,2022-10-26,True
DEVICE_01728,IoT-PRO,2023-01-21,True
DEVICE_01729,IoT-X1,2022-12-08,True
DEVICE_01730,IoT-X1,2024-01-04,True
DEVICE_01731,IoT-X1,2024-01-21,True
DEVICE_01732,IoT-X1,2023-12-19,True
DEVICE_01733,IoT-PRO,2022-02-23,True
DEVICE_01734,IoT-X1,2023-05-15,True
DEVICE_01735,IoT-PRO,2023-02-06,True
DEVICE_01736,IoT-X2,2023-11-07,True
DEVICE_01737,IoT-X1,2022-01-23,True
DEVICE_01738,IoT-PRO,2023-02-06,True
DEVICE_01739,IoT-X2,2023-03-09,True
DEVICE_01740,IoT-PRO,2023-04-30,True
DEVICE_01741,IoT-X2,2024-02-15,True
DEVICE_01742,IoT-X2,2023-02-05,True
DEVICE_01743,IoT-X1,2023-06-25,True
DEVICE_01744,IoT-PRO,2022-10-17,True
DEVICE_01745,IoT-X2,2023-12-15,True
DEVICE_01746,IoT-X1,2023-12-19,True
DEVICE_01747,IoT-PRO,2023-02-08,True
DEVICE_01748,IoT-X1,2022-05-15,True
DEVICE_01749,IoT-X2,2024-02-10,True
DEVICE_01750,IoT-PRO,2022-02-25,True
DEVICE_01751,IoT-PRO,2022-11-08,True
DEVICE_01752,IoT-X2,2023-11-02,True
DEVICE_01753,IoT-X1,2023-08-15,True
DEVICE_01754,IoT-X1,2023-03-29,True
DEVICE_01755,IoT-PRO,2023-05-10,True
DEVICE_01756,IoT-X2,2022-05-29,True
DEVICE_01757,IoT-X1,2022-08-12,True
DEVICE_01758,IoT-PRO,2022-07-20,True
DEVICE_01759,IoT-PRO,2023-10-29,True
DEVICE_01760,IoT-X1,2023-01-06,True
DEVICE_01761,IoT-PRO,2023-08-13,True
DEVICE_01762,IoT-X1,2023-11-26,True
DEVICE_01763,IoT-X1,2023-01-21,True
DEVICE_01764,IoT-X2,2023-11-27,True
DEVICE_01765,IoT-X1,2022-02-27,True
DEVICE_01766,IoT-X1,2022-12-31,True
DEVICE_01767,IoT-X2,2022-07-03,True
DEVICE_01768,IoT-X1,2022-05-01,True
DEVICE_01769,IoT-PRO,2023-10-28,True
DEVICE_01770,IoT-X2,2023-08-31,True
DEVICE_01771,IoT-X2,2022-06-02,True
DEVICE_01772,IoT-PRO,2024-01-10,True
DEVICE_01773,IoT-X2,2022-09-08,True
DEVICE_01774,IoT-X1,2022-05-02,True
DEVICE_01775,IoT-X1,2023-02-11,True
DEVICE_01776,IoT-X2,2022-11-06,True
DEVICE_01777,IoT-PRO,2023-09-03,True
DEVICE_01778,IoT-X1,2023-10-31,True
DEVICE_01779,IoT-PRO,2023-01-20,True
DEVICE_01780,IoT-PRO,2023-11-18,True
DEVICE_01781,IoT-PRO,2022-04-02,True
DEVICE_01782,IoT-X2,2023-10-28,True
DEVICE_01783,IoT-X2,2022-10-09,True
DEVICE_01784,IoT-PRO,2023-10-31,True
DEVICE_01785,IoT-X2,2023-01-12,True
DEVICE_01786,IoT-X1,2022-05-03,True
DEVICE_01787,IoT-X1,2022-03-26,True
DEVICE_01788,IoT-X1,2023-05-16,True
DEVICE_01789,IoT-PRO,2023-11-16,True
DEVICE_01790,IoT-PRO,2022-08-19,True
DEVICE_01791,IoT-X1,2023-08-24,True
DEVICE_01792,IoT-PRO,2023-08-10,True
DEVICE_01793,IoT-X2,2022-10-08,True
DEVICE_01794,IoT-PRO,2024-02-03,True
DEVICE_01795,IoT-X1,2023-08-31,True
DEVICE_01796,IoT-X1,2023-01-29,True
DEVICE_01797,IoT-X2,2023-10-23,True
DEVICE_01798,IoT-PRO,2023-03-21,True
DEVICE_01799,IoT-X2,2023-08-09,True
DEVICE_01800,IoT-X1,2022-04-12,True
DEVICE_01801,IoT-X2,2022-03-07,True
DEVICE_01802,IoT-PRO,2023-07-05,True
DEVICE_01803,IoT-X1,2023-02-20,True
DEVICE_01804,IoT-PRO,2022-01-21,True
DEVICE_01805,IoT-X2,2023-07-24,True
DEVICE_01806,IoT-PRO,2023-06-27,True
DEVICE_01807,IoT-X2,2022-03-07,True
DEVICE_01808,IoT-PRO,2023-08-22,True
DEVICE_01809,IoT-PRO,2024-01-01,True
DEVICE_01810,IoT-PRO,2022-05-08,True
DEVICE_01811,IoT-X1,2023-11-06,True
DEVICE_01812,IoT-X1,2022-07-05,True
DEVICE_01813,IoT-PRO,2023-12-13,True
DEVICE_01814,IoT-X1,2022-01-06,True
DEVICE_01815,IoT-PRO,2023-04-03,True
DEVICE_01816,IoT-X2,2022-05-06,True
DEVICE_01817,IoT-X1,2022-05-12,True
DEVICE_01818,IoT-PRO,2022-07-31,True
DEVICE_01819,IoT-PRO,2022-06-15,True
DEVICE_01820,IoT-X1,2023-07-30,True
DEVICE_01821,IoT-X2,2024-02-11,True
DEVICE_01822,IoT-X1,2022-03-28,True
DEVICE_01823,IoT-X1,2023-06-03,True
DEVICE_01824,IoT-X2,2023-01-08,True
DEVICE_01825,IoT-PRO,2022-06-25,True
DEVICE_01826,IoT-X2,2023-11-05,True
DEVICE_01827,IoT-X1,2022-09-12,True
DEVICE_01828,IoT-X2,2022-02-17,True
DEVICE_01829,IoT-PRO,2022-10-28,True
DEVICE_01830,IoT-PRO,2023-07-01,True
DEVICE_01831,IoT-X2,2022-05-24,True
DEVICE_01832,IoT-PRO,2023-05-18,True
DEVICE_01833,IoT-PRO,2022-11-17,True
DEVICE_01834,IoT-PRO,2022-12-27,True
DEVICE_01835,IoT-PRO,2023-07-06,True
DEVICE_01836,IoT-PRO,2022-08-03,True
DEVICE_01837,IoT-PRO,2022-04-12,True
DEVICE_01838,IoT-PRO,2022-02-15,True
DEVICE_01839,IoT-X1,2022-02-07,True
DEVICE_01840,IoT-X1,2022-05-26,True
DEVICE_01841,IoT-X2,2022-08-09,True
DEVICE_01842,IoT-X1,2023-09-09,True
DEVICE_01843,IoT-PRO,2022-08-10,True
DEVICE_01844,IoT-PRO,2023-01-03,True
DEVICE_01845,IoT-X2,2022-05-12,True
DEVICE_01846,IoT-PRO,2023-09-30,True
DEVICE_01847,IoT-X2,2022-03-18,True
DEVICE_01848,IoT-PRO,2022-09-19,True
DEVICE_01849,IoT-X2,2023-01-26,True
DEVICE_01850,IoT-PRO,2022-06-17,True
DEVICE_01851,IoT-X2,2023-04-13,True
DEVICE_01852,IoT-X1,2022-09-18,True
DEVICE_01853,IoT-PRO,2023-03-12,True
DEVICE_01854,IoT-PRO,2022-05-27,True
DEVICE_01855,IoT-PRO,2022-07-28,True
DEVICE_01856,IoT-X1,2023-10-07,True
DEVICE_01857,IoT-PRO,2022-10-03,True
DEVICE_01858,IoT-PRO,2023-12-15,True
DEVICE_01859,IoT-PRO,2022-07-17,True
DEVICE_01860,IoT-PRO,2023-01-17,True
DEVICE_01861,IoT-PRO,2023-11-05,True
DEVICE_01862,IoT-PRO,2023-06-08,True
DEVICE_01863,IoT-PRO,2022-06-17,True
DEVICE_01864,IoT-X2,2022-06-07,True
DEVICE_01865,IoT-X2,2023-03-21,True
DEVICE_01866,IoT-X2,2022-01-27,True
DEVICE_01867,IoT-PRO,2022-09-11,True
DEVICE_01868,IoT-X1,2022-10-04,True
DEVICE_01869,IoT-X1,2023-06-29,True
DEVICE_01870,IoT-X1,2023-12-02,True
DEVICE_01871,IoT-PRO,2023-02-21,True
DEVICE_01872,IoT-X1,2022-12-04,True
DEVICE_01873,IoT-PRO,2022-04-02,True
DEVICE_01874,IoT-X2,2022-12-08,True
DEVICE_01875,IoT-X2,2022-05-30,True
DEVICE_01876,IoT-X1,2022-10-08,True
DEVICE_01877,IoT-X1,2022-04-11,True
DEVICE_01878,IoT-X2,2022-08-16,True
DEVICE_01879,IoT-X2,2022-04-18,True
DEVICE_01880,IoT-X1,2022-06-29,True
DEVICE_01881,IoT-PRO,2024-01-16,True
DEVICE_01882,IoT-X2,2023-08-26,True
DEVICE_01883,IoT-X2,2022-04-08,True
DEVICE_01884,IoT-PRO,2022-12-24,True
DEVICE_01885,IoT-PRO,2023-08-09,True
DEVICE_01886,IoT-X2,2023-07-19,True
DEVICE_01887,IoT-X2,2023-09-15,True
DEVICE_01888,IoT-X1,2022-02-19,True
DEVICE_01889,IoT-X1,2022-11-22,True
DEVICE_01890,IoT-X2,2022-07-05,True
DEVICE_01891,IoT-X2,2024-01-30,True
DEVICE_01892,IoT-PRO,2023-06-29,True
DEVICE_01893,IoT-PRO,2023-09-01,True
DEVICE_01894,IoT-X2,2023-05-04,True
DEVICE_01895,IoT-PRO,2022-05-11,True
DEVICE_01896,IoT-X2,2022-01-10,True
DEVICE_01897,IoT-PRO,2023-06-10,True
DEVICE_01898,IoT-PRO,2022-06-09,True
DEVICE_01899,IoT-PRO,2022-05-10,True
DEVICE_01900,IoT-X1,2023-01-23,True
DEVICE_01901,IoT-PRO,2024-01-24,True
DEVICE_01902,IoT-X2,2022-02-24,True
DEVICE_01903,IoT-PRO,2023-10-17,True
DEVICE_01904,IoT-X2,2023-12-26,True
DEVICE_01905,IoT-X1,2023-11-26,True
DEVICE_01906,IoT-PRO,2023-03-05,True
DEVICE_01907,IoT-PRO,2023-04-14,True
DEVICE_01908,IoT-X1,2023-03-26,True
DEVICE_01909,IoT-X2,2023-04-25,True
DEVICE_01910,IoT-PRO,2022-10-21,True
DEVICE_01911,IoT-X2,2023-03-15,True
DEVICE_01912,IoT-PRO,2024-01-06,True
DEVICE_01913,IoT-X1,2022-11-09,True
DEVICE_01914,IoT-PRO,2022-03-31,True
DEVICE_01915,IoT-X2,2023-02-21,True
DEVICE_01916,IoT-X2,2022-04-03,True
DEVICE_01917,IoT-PRO,2022-03-23,True
DEVICE_01918,IoT-X1,2024-01-18,True
DEVICE_01919,IoT-X1,2022-04-06,True
DEVICE_01920,IoT-X1,2023-08-13,True
DEVICE_01921,IoT-X1,2022-03-28,True
DEVICE_01922,IoT-PRO,2022-10-20,True
DEVICE_01923,IoT-PRO,2023-05-20,True
DEVICE_01924,IoT-X1,2023-03-11,True
DEVICE_01925,IoT-PRO,2023-06-05,True
DEVICE_01926,IoT-PRO,2022-05-20,True
DEVICE_01927,IoT-X2,2023-05-25,True
DEVICE_01928,IoT-PRO,2023-12-03,True
DEVICE_01929,IoT-PRO,2023-06-30,True
DEVICE_01930,IoT-PRO,2022-05-08,True
DEVICE_01931,IoT-X2,2022-01-15,True
DEVICE_01932,IoT-PRO,2022-07-14,True
DEVICE_01933,IoT-PRO,2022-01-08,True
DEVICE_01934,IoT-PRO,2023-03-12,True
DEVICE_01935,IoT-PRO,2023-07-02,True
DEVICE_01936,IoT-PRO,2022-12-20,True
DEVICE_01937,IoT-X1,2024-01-27,True
DEVICE_01938,IoT-PRO,2023-06-25,True
DEVICE_01939,IoT-PRO,2023-09-16,True
DEVICE_01940,IoT-X1,2023-09-14,True
DEVICE_01941,IoT-X2,2022-06-22,True
DEVICE_01942,IoT-PRO,2024-02-22,True
DEVICE_01943,IoT-PRO,2022-08-19,True
DEVICE_01944,IoT-X1,2022-03-18,True
DEVICE_01945,IoT-X2,2022-05-17,True
DEVICE_01946,IoT-PRO,2022-12-28,True
DEVICE_01947,IoT-X1,2023-03-09,True
DEVICE_01948,IoT-X2,2023-01-24,True
DEVICE_01949,IoT-X1,2023-01-18,True
DEVICE_01950,IoT-X1,2022-12-13,True
DEVICE_01951,IoT-PRO,2022-09-13,True
DEVICE_01952,IoT-PRO,2024-02-24,True
DEVICE_01953,IoT-X1,2022-10-25,True
DEVICE_01954,IoT-X2,2023-05-10,True
DEVICE_01955,IoT-X2,2022-09-29,True
DEVICE_01956,IoT-X1,2022-01-03,True
DEVICE_01957,IoT-PRO,2023-10-09,True
DEVICE_01958,IoT-PRO,2023-02-08,True
DEVICE_01959,IoT-X1,2022-11-09,True
DEVICE_01960,IoT-PRO,2023-06-12,True
DEVICE_01961,IoT-X1,2023-04-20,True
DEVICE_01962,IoT-PRO,2023-05-15,True
DEVICE_01963,IoT-X1,2022-12-31,True
DEVICE_01964,IoT-X1,2023-09-23,True
DEVICE_01965,IoT-X2,2022-12-03,True
DEVICE_01966,IoT-X2,2022-12-29,True
DEVICE_01967,IoT-X1,2022-01-06,True
DEVICE_01968,IoT-X2,2024-01-10,True
DEVICE_01969,IoT-X1,2023-02-16,True
DEVICE_01970,IoT-X2,2022-01-10,True
DEVICE_01971,IoT-X1,2023-03-18,True
DEVICE_01972,IoT-X2,2022-07-22,True
DEVICE_01973,IoT-X1,2023-06-26,True
DEVICE_01974,IoT-PRO,2022-06-07,True
DEVICE_01975,IoT-X2,2022-05-07,True
DEVICE_01976,IoT-X2,2022-01-08,True
DEVICE_01977,IoT-X1,2024-02-27,True
DEVICE_01978,IoT-PRO,2022-09-14,True
DEVICE_01979,IoT-X1,2023-04-27,True
DEVICE_01980,IoT-X2,2023-01-19,True
DEVICE_01981,IoT-X2,2023-01-09,True
DEVICE_01982,IoT-X2,2022-07-06,True
DEVICE_01983,IoT-PRO,2022-10-03,True
DEVICE_01984,IoT-X1,2023-03-26,True
DEVICE_01985,IoT-PRO,2023-03-26,True
DEVICE_01986,IoT-X1,2022-05-24,True
DEVICE_01987,IoT-X2,2024-02-05,True
DEVICE_01988,IoT-X2,2022-01-06,True
DEVICE_01989,IoT-X2,2023-12-28,True
DEVICE_01990,IoT-X1,2022-04-24,True
DEVICE_01991,IoT-X1,2022-10-19,True
DEVICE_01992,IoT-X1,2022-05-17,True
DEVICE_01993,IoT-X2,2023-03-08,True
DEVICE_01994,IoT-PRO,2022-12-06,True
DEVICE_01995,IoT-X1,2022-06-14,True
DEVICE_01996,IoT-PRO,2022-07-23,True
DEVICE_01997,IoT-X2,2023-11-13,True
DEVICE_01998,IoT-X2,2022-05-02,True
DEVICE_01999,IoT-X2,2023-05-16,True
DEVICE_02000,IoT-PRO,2023-05-23,True
