device_sk,device_bk,model,installation_date,is_active
1,DEVICE_00001,IoT-X2,2022-12-26,True
2,DEVICE_00002,IoT-X2,2023-04-02,True
3,DEVICE_00003,IoT-PRO,2022-03-31,True
4,DEVICE_00004,IoT-X1,2024-01-16,True
5,DEVICE_00005,IoT-X2,2024-01-30,True
6,DEVICE_00006,IoT-X2,2023-03-30,True
7,DEVICE_00007,IoT-X2,2022-06-17,True
8,DEVICE_00008,IoT-PRO,2023-03-11,True
9,DEVICE_00009,IoT-PRO,2023-03-01,True
10,DEVICE_00010,IoT-X1,2023-08-25,True
11,DEVICE_00011,IoT-PRO,2022-03-30,True
12,DEVICE_00012,IoT-X1,2022-08-01,True
13,DEVICE_00013,IoT-X2,2023-05-02,True
14,DEVICE_00014,IoT-PRO,2022-12-10,True
15,DEVICE_00015,IoT-X1,2023-08-28,True
16,DEVICE_00016,IoT-X2,2022-04-01,True
17,DEVICE_00017,IoT-X1,2023-02-24,True
18,DEVICE_00018,IoT-PRO,2022-10-07,True
19,DEVICE_00019,IoT-X2,2022-06-29,True
20,DEVICE_00020,IoT-PRO,2023-04-19,True
21,DEVICE_00021,IoT-PRO,2023-08-05,True
22,DEVICE_00022,IoT-X1,2022-07-24,True
23,DEVICE_00023,IoT-X1,2023-01-26,True
24,DEVICE_00024,IoT-X2,2023-07-22,True
25,DEVICE_00025,IoT-X2,2022-02-13,True
26,DEVICE_00026,IoT-X2,2023-08-23,True
27,DEVICE_00027,IoT-X2,2023-05-21,True
28,DEVICE_00028,IoT-PRO,2024-01-28,True
29,DEVICE_00029,IoT-X2,2022-08-18,True
30,DEVICE_00030,IoT-X1,2022-01-03,True
31,DEVICE_00031,IoT-X1,2022-09-26,True
32,DEVICE_00032,IoT-X2,2023-10-18,True
33,DEVICE_00033,IoT-PRO,2023-04-29,True
34,DEVICE_00034,IoT-X1,2023-11-01,True
35,DEVICE_00035,IoT-PRO,2022-10-22,True
36,DEVICE_00036,IoT-X2,2022-07-03,True
37,DEVICE_00037,IoT-X2,2023-12-06,True
38,DEVICE_00038,IoT-PRO,2022-09-08,True
39,DEVICE_00039,IoT-X1,2022-05-03,True
40,DEVICE_00040,IoT-X2,2023-05-20,True
41,DEVICE_00041,IoT-X1,2023-09-06,True
42,DEVICE_00042,IoT-PRO,2023-01-06,True
43,DEVICE_00043,IoT-PRO,2023-05-08,True
44,DEVICE_00044,IoT-PRO,2023-03-23,True
45,DEVICE_00045,IoT-X2,2023-10-06,True
46,DEVICE_00046,IoT-PRO,2023-05-03,True
47,DEVICE_00047,IoT-PRO,2022-05-03,True
48,DEVICE_00048,IoT-X2,2023-06-09,True
49,DEVICE_00049,IoT-PRO,2023-08-13,True
50,DEVICE_00050,IoT-X1,2022-09-23,True
51,DEVICE_00051,IoT-X1,2023-08-19,True
52,DEVICE_00052,IoT-X1,2022-05-30,True
53,DEVICE_00053,IoT-X2,2023-04-18,True
54,DEVICE_00054,IoT-PRO,2022-05-19,True
55,DEVICE_00055,IoT-X2,2022-06-17,True
56,DEVICE_00056,IoT-X1,2022-10-07,True
57,DEVICE_00057,IoT-X2,2023-03-06,True
58,DEVICE_00058,IoT-PRO,2022-12-31,True
59,DEVICE_00059,IoT-X1,2022-10-24,True
60,DEVICE_00060,IoT-X2,2023-06-27,True
61,DEVICE_00061,IoT-PRO,2022-03-20,True
62,DEVICE_00062,IoT-PRO,2022-07-18,True
63,DEVICE_00063,IoT-PRO,2022-07-07,True
64,DEVICE_00064,IoT-X1,2023-09-06,True
65,DEVICE_00065,IoT-X1,2023-07-11,True
66,DEVICE_00066,IoT-X2,2022-11-20,True
67,DEVICE_00067,IoT-PRO,2022-11-05,True
68,DEVICE_00068,IoT-X2,2023-12-03,True
69,DEVICE_00069,IoT-PRO,2023-12-06,True
70,DEVICE_00070,IoT-X2,2022-04-09,True
71,DEVICE_00071,IoT-PRO,2023-08-17,True
72,DEVICE_00072,IoT-X2,2022-05-28,True
73,DEVICE_00073,IoT-X1,2022-05-21,True
74,DEVICE_00074,IoT-PRO,2022-10-16,True
75,DEVICE_00075,IoT-X2,2024-03-08,True
76,DEVICE_00076,IoT-X2,2023-02-26,True
77,DEVICE_00077,IoT-X2,2022-06-16,True
78,DEVICE_00078,IoT-X1,2022-08-12,True
79,DEVICE_00079,IoT-X1,2023-05-31,True
80,DEVICE_00080,IoT-X1,2022-07-12,True
81,DEVICE_00081,IoT-PRO,2023-09-21,True
82,DEVICE_00082,IoT-PRO,2023-06-23,True
83,DEVICE_00083,IoT-PRO,2023-12-31,True
84,DEVICE_00084,IoT-PRO,2023-12-21,True
85,DEVICE_00085,IoT-X1,2023-03-04,True
86,DEVICE_00086,IoT-X2,2022-03-20,True
87,DEVICE_00087,IoT-X1,2022-05-15,True
88,DEVICE_00088,IoT-X1,2023-05-07,True
89,DEVICE_00089,IoT-X2,2022-11-16,True
90,DEVICE_00090,IoT-PRO,2023-01-07,True
91,DEVICE_00091,IoT-X1,2023-03-29,True
92,DEVICE_00092,IoT-PRO,2023-06-20,True
93,DEVICE_00093,IoT-X2,2022-06-26,True
94,DEVICE_00094,IoT-PRO,2022-11-08,True
95,DEVICE_00095,IoT-X1,2024-02-02,True
96,DEVICE_00096,IoT-X1,2022-08-16,True
97,DEVICE_00097,IoT-X1,2023-12-12,True
98,DEVICE_00098,IoT-X1,2023-12-06,True
99,DEVICE_00099,IoT-X1,2022-11-11,True
100,DEVICE_00100,IoT-X1,2022-08-03,True
101,DEVICE_00101,IoT-X1,2022-03-22,True
102,DEVICE_00102,IoT-X2,2023-12-09,True
103,DEVICE_00103,IoT-X1,2022-03-21,True
104,DEVICE_00104,IoT-X1,2024-03-04,True
105,DEVICE_00105,IoT-X2,2024-02-15,True
106,DEVICE_00106,IoT-X2,2022-02-13,True
107,DEVICE_00107,IoT-X1,2022-04-21,True
108,DEVICE_00108,IoT-X1,2023-11-07,True
109,DEVICE_00109,IoT-PRO,2023-08-31,True
110,DEVICE_00110,IoT-X1,2023-04-26,True
111,DEVICE_00111,IoT-X1,2022-09-17,True
112,DEVICE_00112,IoT-X1,2022-03-09,True
113,DEVICE_00113,IoT-X2,2023-11-15,True
114,DEVICE_00114,IoT-X1,2024-02-12,True
115,DEVICE_00115,IoT-X1,2022-05-07,True
116,DEVICE_00116,IoT-PRO,2022-07-30,True
117,DEVICE_00117,IoT-PRO,2022-07-24,True
118,DEVICE_00118,IoT-X1,2023-11-18,True
119,DEVICE_00119,IoT-X2,2022-01-30,True
120,DEVICE_00120,IoT-X1,2022-05-30,True
121,DEVICE_00121,IoT-PRO,2022-10-12,True
122,DEVICE_00122,IoT-PRO,2022-12-23,True
123,DEVICE_00123,IoT-X2,2022-06-14,True
124,DEVICE_00124,IoT-PRO,2024-03-10,True
125,DEVICE_00125,IoT-PRO,2023-09-20,True
126,DEVICE_00126,IoT-X1,2023-06-02,True
127,DEVICE_00127,IoT-PRO,2022-03-11,True
128,DEVICE_00128,IoT-X1,2023-08-16,True
129,DEVICE_00129,IoT-X1,2023-06-26,True
130,DEVICE_00130,IoT-X1,2024-01-03,True
131,DEVICE_00131,IoT-X1,2022-10-16,True
132,DEVICE_00132,IoT-X1,2024-02-12,True
133,DEVICE_00133,IoT-PRO,2022-01-05,True
134,DEVICE_00134,IoT-PRO,2022-04-12,True
135,DEVICE_00135,IoT-X1,2023-06-01,True
136,DEVICE_00136,IoT-PRO,2023-05-02,True
137,DEVICE_00137,IoT-X2,2023-12-16,True
138,DEVICE_00138,IoT-PRO,2022-07-09,True
139,DEVICE_00139,IoT-X2,2023-11-21,True
140,DEVICE_00140,IoT-X1,2022-07-05,True
141,DEVICE_00141,IoT-X2,2023-01-24,True
142,DEVICE_00142,IoT-X2,2022-08-08,True
143,DEVICE_00143,IoT-PRO,2022-08-22,True
144,DEVICE_00144,IoT-X2,2022-04-26,True
145,DEVICE_00145,IoT-X2,2022-05-07,True
146,DEVICE_00146,IoT-X2,2022-04-23,True
147,DEVICE_00147,IoT-PRO,2022-05-20,True
148,DEVICE_00148,IoT-X2,2024-02-20,True
149,DEVICE_00149,IoT-X2,2023-12-23,True
150,DEVICE_00150,IoT-X2,2023-07-25,True
151,DEVICE_00151,IoT-PRO,2022-02-11,True
152,DEVICE_00152,IoT-X1,2022-12-02,True
153,DEVICE_00153,IoT-X2,2022-04-29,True
154,DEVICE_00154,IoT-X2,2022-10-18,True
155,DEVICE_00155,IoT-X2,2023-09-07,True
156,DEVICE_00156,IoT-PRO,2022-11-16,True
157,DEVICE_00157,IoT-PRO,2023-03-31,True
158,DEVICE_00158,IoT-X1,2023-07-22,True
159,DEVICE_00159,IoT-X2,2022-10-25,True
160,DEVICE_00160,IoT-X2,2022-07-13,True
161,DEVICE_00161,IoT-X1,2023-05-03,True
162,DEVICE_00162,IoT-PRO,2023-01-12,True
163,DEVICE_00163,IoT-X1,2022-01-14,True
164,DEVICE_00164,IoT-PRO,2023-05-19,True
165,DEVICE_00165,IoT-PRO,2022-04-18,True
166,DEVICE_00166,IoT-X2,2023-03-25,True
167,DEVICE_00167,IoT-PRO,2023-11-06,True
168,DEVICE_00168,IoT-PRO,2022-03-29,True
169,DEVICE_00169,IoT-X1,2022-05-27,True
170,DEVICE_00170,IoT-X2,2023-02-15,True
171,DEVICE_00171,IoT-PRO,2023-08-28,True
172,DEVICE_00172,IoT-X1,2024-01-30,True
173,DEVICE_00173,IoT-X1,2022-03-08,True
174,DEVICE_00174,IoT-X2,2022-07-23,True
175,DEVICE_00175,IoT-X2,2022-07-25,True
176,DEVICE_00176,IoT-PRO,2023-02-18,True
177,DEVICE_00177,IoT-X1,2022-08-27,True
178,DEVICE_00178,IoT-X2,2024-01-13,True
179,DEVICE_00179,IoT-X2,2022-10-13,True
180,DEVICE_00180,IoT-PRO,2024-02-24,True
181,DEVICE_00181,IoT-PRO,2023-08-31,True
182,DEVICE_00182,IoT-X2,2024-02-14,True
183,DEVICE_00183,IoT-PRO,2023-02-14,True
184,DEVICE_00184,IoT-X2,2023-05-03,True
185,DEVICE_00185,IoT-PRO,2023-09-10,True
186,DEVICE_00186,IoT-X2,2023-05-12,True
187,DEVICE_00187,IoT-PRO,2022-10-13,True
188,DEVICE_00188,IoT-X1,2024-02-26,True
189,DEVICE_00189,IoT-X2,2022-04-21,True
190,DEVICE_00190,IoT-X1,2022-09-14,True
191,DEVICE_00191,IoT-X2,2023-05-25,True
192,DEVICE_00192,IoT-X1,2023-10-06,True
193,DEVICE_00193,IoT-X1,2022-01-31,True
194,DEVICE_00194,IoT-X1,2024-01-26,True
195,DEVICE_00195,IoT-X1,2022-03-11,True
196,DEVICE_00196,IoT-X2,2023-11-26,True
197,DEVICE_00197,IoT-X1,2022-07-03,True
198,DEVICE_00198,IoT-X2,2023-09-12,True
199,DEVICE_00199,IoT-PRO,2022-12-01,True
200,DEVICE_00200,IoT-X1,2022-11-07,True
201,DEVICE_00201,IoT-PRO,2023-10-01,True
202,DEVICE_00202,IoT-X1,2024-02-18,True
203,DEVICE_00203,IoT-X1,2023-11-08,True
204,DEVICE_00204,IoT-PRO,2024-02-25,True
205,DEVICE_00205,IoT-X2,2023-04-23,True
206,DEVICE_00206,IoT-X1,2022-10-28,True
207,DEVICE_00207,IoT-PRO,2023-05-25,True
208,DEVICE_00208,IoT-X2,2023-06-01,True
209,DEVICE_00209,IoT-X2,2023-07-10,True
210,DEVICE_00210,IoT-X2,2023-07-08,True
211,DEVICE_00211,IoT-PRO,2022-01-19,True
212,DEVICE_00212,IoT-X1,2023-03-17,True
213,DEVICE_00213,IoT-X1,2023-01-28,True
214,DEVICE_00214,IoT-X2,2022-11-19,True
215,DEVICE_00215,IoT-X2,2023-03-30,True
216,DEVICE_00216,IoT-X2,2022-02-06,True
217,DEVICE_00217,IoT-X1,2022-07-01,True
218,DEVICE_00218,IoT-PRO,2023-11-07,True
219,DEVICE_00219,IoT-X2,2023-12-25,True
220,DEVICE_00220,IoT-X1,2023-05-19,True
221,DEVICE_00221,IoT-X2,2022-05-18,True
222,DEVICE_00222,IoT-X2,2024-01-03,True
223,DEVICE_00223,IoT-X2,2023-05-15,True
224,DEVICE_00224,IoT-X1,2023-08-06,True
225,DEVICE_00225,IoT-PRO,2023-05-18,True
226,DEVICE_00226,IoT-PRO,2023-07-22,True
227,DEVICE_00227,IoT-PRO,2023-07-07,True
228,DEVICE_00228,IoT-PRO,2023-04-27,True
229,DEVICE_00229,IoT-X2,2023-07-30,True
230,DEVICE_00230,IoT-X1,2023-06-03,True
231,DEVICE_00231,IoT-X1,2023-02-05,True
232,DEVICE_00232,IoT-X2,2023-05-22,True
233,DEVICE_00233,IoT-PRO,2023-01-22,True
234,DEVICE_00234,IoT-PRO,2023-11-24,True
235,DEVICE_00235,IoT-X2,2024-02-24,True
236,DEVICE_00236,IoT-X2,2022-11-25,True
237,DEVICE_00237,IoT-X1,2022-01-29,True
238,DEVICE_00238,IoT-PRO,2022-02-16,True
239,DEVICE_00239,IoT-X1,2023-01-11,True
240,DEVICE_00240,IoT-X2,2024-01-30,True
241,DEVICE_00241,IoT-PRO,2022-01-28,True
242,DEVICE_00242,IoT-PRO,2022-12-16,True
243,DEVICE_00243,IoT-X2,2022-04-10,True
244,DEVICE_00244,IoT-X2,2022-12-20,True
245,DEVICE_00245,IoT-X2,2023-02-26,True
246,DEVICE_00246,IoT-X2,2022-02-27,True
247,DEVICE_00247,IoT-PRO,2022-09-08,True
248,DEVICE_00248,IoT-X1,2022-08-29,True
249,DEVICE_00249,IoT-PRO,2022-11-16,True
250,DEVICE_00250,IoT-PRO,2022-03-28,True
251,DEVICE_00251,IoT-PRO,2022-03-09,True
252,DEVICE_00252,IoT-X2,2022-04-28,True
253,DEVICE_00253,IoT-X2,2022-06-23,True
254,DEVICE_00254,IoT-X1,2023-07-06,True
255,DEVICE_00255,IoT-X2,2022-02-08,True
256,DEVICE_00256,IoT-X2,2023-11-05,True
257,DEVICE_00257,IoT-X2,2023-08-05,True
258,DEVICE_00258,IoT-PRO,2023-03-08,True
259,DEVICE_00259,IoT-X2,2022-01-21,True
260,DEVICE_00260,IoT-PRO,2023-04-26,True
261,DEVICE_00261,IoT-PRO,2022-01-23,True
262,DEVICE_00262,IoT-X2,2023-01-22,True
263,DEVICE_00263,IoT-PRO,2023-02-04,True
264,DEVICE_00264,IoT-X2,2023-08-10,True
265,DEVICE_00265,IoT-X1,2023-05-16,True
266,DEVICE_00266,IoT-X1,2023-12-09,True
267,DEVICE_00267,IoT-PRO,2022-07-30,True
268,DEVICE_00268,IoT-X2,2023-05-24,True
269,DEVICE_00269,IoT-PRO,2024-02-23,True
270,DEVICE_00270,IoT-PRO,2022-12-14,True
271,DEVICE_00271,IoT-X1,2023-09-22,True
272,DEVICE_00272,IoT-X2,2023-01-08,True
273,DEVICE_00273,IoT-X2,2022-07-26,True
274,DEVICE_00274,IoT-X2,2023-10-13,True
275,DEVICE_00275,IoT-X1,2023-07-03,True
276,DEVICE_00276,IoT-X1,2022-10-22,True
277,DEVICE_00277,IoT-X2,2022-02-18,True
278,DEVICE_00278,IoT-X2,2023-08-11,True
279,DEVICE_00279,IoT-X2,2022-08-20,True
280,DEVICE_00280,IoT-PRO,2024-01-31,True
281,DEVICE_00281,IoT-X1,2024-01-05,True
282,DEVICE_00282,IoT-PRO,2022-04-08,True
283,DEVICE_00283,IoT-PRO,2022-12-11,True
284,DEVICE_00284,IoT-X2,2022-03-10,True
285,DEVICE_00285,IoT-PRO,2023-06-28,True
286,DEVICE_00286,IoT-X2,2023-03-14,True
287,DEVICE_00287,IoT-X1,2022-12-22,True
288,DEVICE_00288,IoT-X1,2023-10-30,True
289,DEVICE_00289,IoT-X2,2023-06-01,True
290,DEVICE_00290,IoT-X2,2023-03-20,True
291,DEVICE_00291,IoT-PRO,2023-07-07,True
292,DEVICE_00292,IoT-X2,2022-07-24,True
293,DEVICE_00293,IoT-X2,2023-02-16,True
294,DEVICE_00294,IoT-X2,2023-10-02,True
295,DEVICE_00295,IoT-PRO,2023-04-10,True
296,DEVICE_00296,IoT-PRO,2024-02-21,True
297,DEVICE_00297,IoT-PRO,2022-07-04,True
298,DEVICE_00298,IoT-X1,2023-10-05,True
299,DEVICE_00299,IoT-PRO,2023-06-13,True
300,DEVICE_00300,IoT-X1,2023-08-14,True
301,DEVICE_00301,IoT-X2,2022-08-07,True
302,DEVICE_00302,IoT-PRO,2024-01-31,True
303,DEVICE_00303,IoT-X2,2022-10-02,True
304,DEVICE_00304,IoT-PRO,2023-06-30,True
305,DEVICE_00305,IoT-PRO,2024-02-27,True
306,DEVICE_00306,IoT-X2,2023-08-03,True
307,DEVICE_00307,IoT-PRO,2023-10-04,True
308,DEVICE_00308,IoT-X1,2023-06-19,True
309,DEVICE_00309,IoT-X1,2023-01-09,True
310,DEVICE_00310,IoT-X2,2022-06-01,True
311,DEVICE_00311,IoT-X1,2022-06-04,True
312,DEVICE_00312,IoT-PRO,2023-12-03,True
313,DEVICE_00313,IoT-X2,2023-03-22,True
314,DEVICE_00314,IoT-X2,2022-11-23,True
315,DEVICE_00315,IoT-X1,2023-10-12,True
316,DEVICE_00316,IoT-X1,2023-02-27,True
317,DEVICE_00317,IoT-X2,2022-10-21,True
318,DEVICE_00318,IoT-PRO,2022-06-14,True
319,DEVICE_00319,IoT-X2,2023-12-05,True
320,DEVICE_00320,IoT-PRO,2022-08-30,True
321,DEVICE_00321,IoT-X2,2022-09-02,True
322,DEVICE_00322,IoT-X1,2022-06-03,True
323,DEVICE_00323,IoT-X1,2022-01-29,True
324,DEVICE_00324,IoT-X1,2022-11-14,True
325,DEVICE_00325,IoT-X2,2023-05-13,True
326,DEVICE_00326,IoT-PRO,2023-03-23,True
327,DEVICE_00327,IoT-X2,2023-10-25,True
328,DEVICE_00328,IoT-X1,2022-07-26,True
329,DEVICE_00329,IoT-X1,2022-10-07,True
330,DEVICE_00330,IoT-X1,2022-01-30,True
331,DEVICE_00331,IoT-X2,2022-10-12,True
332,DEVICE_00332,IoT-PRO,2023-07-18,True
333,DEVICE_00333,IoT-X1,2023-10-22,True
334,DEVICE_00334,IoT-X1,2024-01-10,True
335,DEVICE_00335,IoT-X2,2022-01-21,True
336,DEVICE_00336,IoT-X1,2022-03-27,True
337,DEVICE_00337,IoT-X2,2023-09-09,True
338,DEVICE_00338,IoT-X2,2022-03-07,True
339,DEVICE_00339,IoT-X2,2023-01-08,True
340,DEVICE_00340,IoT-PRO,2023-11-05,True
341,DEVICE_00341,IoT-X1,2023-02-11,True
342,DEVICE_00342,IoT-PRO,2022-05-24,True
343,DEVICE_00343,IoT-X1,2022-04-25,True
344,DEVICE_00344,IoT-PRO,2024-01-23,True
345,DEVICE_00345,IoT-PRO,2022-05-04,True
346,DEVICE_00346,IoT-PRO,2023-11-12,True
347,DEVICE_00347,IoT-PRO,2024-03-04,True
348,DEVICE_00348,IoT-PRO,2022-09-15,True
349,DEVICE_00349,IoT-X2,2022-04-03,True
350,DEVICE_00350,IoT-X1,2023-09-07,True
351,DEVICE_00351,IoT-X1,2024-03-02,True
352,DEVICE_00352,IoT-X2,2022-12-04,True
353,DEVICE_00353,IoT-PRO,2024-01-25,True
354,DEVICE_00354,IoT-X2,2024-02-06,True
355,DEVICE_00355,IoT-PRO,2022-08-30,True
356,DEVICE_00356,IoT-X2,2022-08-12,True
357,DEVICE_00357,IoT-X1,2022-04-20,True
358,DEVICE_00358,IoT-X1,2022-08-08,True
359,DEVICE_00359,IoT-X2,2023-03-27,True
360,DEVICE_00360,IoT-X2,2022-09-18,True
361,DEVICE_00361,IoT-PRO,2022-02-27,True
362,DEVICE_00362,IoT-X2,2023-07-01,True
363,DEVICE_00363,IoT-X2,2023-12-18,True
364,DEVICE_00364,IoT-X1,2022-11-21,True
365,DEVICE_00365,IoT-PRO,2023-03-10,True
366,DEVICE_00366,IoT-X2,2023-12-01,True
367,DEVICE_00367,IoT-X1,2022-10-12,True
368,DEVICE_00368,IoT-X1,2023-01-07,True
369,DEVICE_00369,IoT-X2,2024-01-03,True
370,DEVICE_00370,IoT-X2,2022-11-12,True
371,DEVICE_00371,IoT-X1,2023-10-23,True
372,DEVICE_00372,IoT-PRO,2022-02-05,True
373,DEVICE_00373,IoT-PRO,2023-11-10,True
374,DEVICE_00374,IoT-X1,2023-12-09,True
375,DEVICE_00375,IoT-PRO,2022-09-03,True
376,DEVICE_00376,IoT-X2,2023-07-20,True
377,DEVICE_00377,IoT-X2,2022-11-13,True
378,DEVICE_00378,IoT-PRO,2023-12-19,True
379,DEVICE_00379,IoT-X2,2023-12-03,True
380,DEVICE_00380,IoT-X1,2023-07-02,True
381,DEVICE_00381,IoT-X1,2023-03-30,True
382,DEVICE_00382,IoT-X2,2022-01-09,True
383,DEVICE_00383,IoT-X2,2022-09-19,True
384,DEVICE_00384,IoT-X2,2022-04-03,True
385,DEVICE_00385,IoT-X1,2022-11-01,True
386,DEVICE_00386,IoT-X1,2022-06-14,True
387,DEVICE_00387,IoT-X2,2023-10-09,True
388,DEVICE_00388,IoT-X2,2024-02-25,True
389,DEVICE_00389,IoT-PRO,2023-02-21,True
390,DEVICE_00390,IoT-X1,2022-10-08,True
391,DEVICE_00391,IoT-X1,2024-03-09,True
392,DEVICE_00392,IoT-X2,2023-04-28,True
393,DEVICE_00393,IoT-PRO,2023-02-27,True
394,DEVICE_00394,IoT-X2,2024-01-05,True
395,DEVICE_00395,IoT-X2,2022-04-13,True
396,DEVICE_00396,IoT-X1,2023-12-17,True
397,DEVICE_00397,IoT-X2,2023-06-03,True
398,DEVICE_00398,IoT-X1,2022-12-27,True
399,DEVICE_00399,IoT-X2,2023-09-09,True
400,DEVICE_00400,IoT-PRO,2023-07-15,True
401,DEVICE_00401,IoT-PRO,2022-12-01,True
402,DEVICE_00402,IoT-X2,2023-12-13,True
403,DEVICE_00403,IoT-X1,2024-02-20,True
404,DEVICE_00404,IoT-X1,2023-10-19,True
405,DEVICE_00405,IoT-PRO,2022-07-08,True
406,DEVICE_00406,IoT-PRO,2023-03-31,True
407,DEVICE_00407,IoT-PRO,2022-05-20,True
408,DEVICE_00408,IoT-X1,2023-02-15,True
409,DEVICE_00409,IoT-X1,2023-10-06,True
410,DEVICE_00410,IoT-X2,2022-11-18,True
411,DEVICE_00411,IoT-PRO,2022-03-26,True
412,DEVICE_00412,IoT-X1,2022-06-11,True
413,DEVICE_00413,IoT-X1,2023-06-13,True
414,DEVICE_00414,IoT-PRO,2024-02-26,True
415,DEVICE_00415,IoT-PRO,2024-02-21,True
416,DEVICE_00416,IoT-X1,2023-09-01,True
417,DEVICE_00417,IoT-PRO,2023-02-25,True
418,DEVICE_00418,IoT-X2,2023-04-08,True
419,DEVICE_00419,IoT-X2,2024-01-23,True
420,DEVICE_00420,IoT-X1,2022-09-24,True
421,DEVICE_00421,IoT-X1,2023-12-05,True
422,DEVICE_00422,IoT-PRO,2022-12-02,True
423,DEVICE_00423,IoT-X2,2022-07-23,True
424,DEVICE_00424,IoT-X1,2023-03-01,True
425,DEVICE_00425,IoT-X2,2022-07-06,True
426,DEVICE_00426,IoT-X2,2023-01-22,True
427,DEVICE_00427,IoT-PRO,2022-08-18,True
428,DEVICE_00428,IoT-X1,2022-01-24,True
429,DEVICE_00429,IoT-PRO,2023-10-25,True
430,DEVICE_00430,IoT-PRO,2023-10-04,True
431,DEVICE_00431,IoT-X1,2022-04-02,True
432,DEVICE_00432,IoT-X2,2022-07-23,True
433,DEVICE_00433,IoT-X2,2023-12-20,True
434,DEVICE_00434,IoT-X1,2022-02-20,True
435,DEVICE_00435,IoT-X2,2023-09-25,True
436,DEVICE_00436,IoT-X2,2023-09-07,True
437,DEVICE_00437,IoT-X2,2022-06-02,True
438,DEVICE_00438,IoT-X1,2023-01-12,True
439,DEVICE_00439,IoT-X1,2023-08-04,True
440,DEVICE_00440,IoT-X1,2022-01-15,True
441,DEVICE_00441,IoT-PRO,2023-06-23,True
442,DEVICE_00442,IoT-X2,2024-03-02,True
443,DEVICE_00443,IoT-X2,2023-11-21,True
444,DEVICE_00444,IoT-X2,2022-05-02,True
445,DEVICE_00445,IoT-X1,2024-01-01,True
446,DEVICE_00446,IoT-X1,2022-07-15,True
447,DEVICE_00447,IoT-X2,2022-10-22,True
448,DEVICE_00448,IoT-PRO,2023-05-22,True
449,DEVICE_00449,IoT-X2,2022-05-14,True
450,DEVICE_00450,IoT-X2,2022-07-31,True
451,DEVICE_00451,IoT-PRO,2022-08-09,True
452,DEVICE_00452,IoT-X2,2024-01-15,True
453,DEVICE_00453,IoT-PRO,2022-07-13,True
454,DEVICE_00454,IoT-X2,2022-07-04,True
455,DEVICE_00455,IoT-X2,2022-05-30,True
456,DEVICE_00456,IoT-X1,2022-10-25,True
457,DEVICE_00457,IoT-X2,2022-08-30,True
458,DEVICE_00458,IoT-PRO,2023-04-07,True
459,DEVICE_00459,IoT-X1,2023-01-14,True
460,DEVICE_00460,IoT-PRO,2023-12-02,True
461,DEVICE_00461,IoT-PRO,2023-04-15,True
462,DEVICE_00462,IoT-X1,2022-01-11,True
463,DEVICE_00463,IoT-X2,2022-05-17,True
464,DEVICE_00464,IoT-X2,2023-12-11,True
465,DEVICE_00465,IoT-X2,2023-12-05,True
466,DEVICE_00466,IoT-X1,2024-01-01,True
467,DEVICE_00467,IoT-X2,2023-12-27,True
468,DEVICE_00468,IoT-X2,2024-01-24,True
469,DEVICE_00469,IoT-PRO,2022-09-20,True
470,DEVICE_00470,IoT-X1,2022-04-08,True
471,DEVICE_00471,IoT-PRO,2022-03-02,True
472,DEVICE_00472,IoT-X1,2022-12-07,True
473,DEVICE_00473,IoT-X1,2023-04-28,True
474,DEVICE_00474,IoT-X2,2023-09-13,True
475,DEVICE_00475,IoT-PRO,2023-09-05,True
476,DEVICE_00476,IoT-PRO,2024-02-06,True
477,DEVICE_00477,IoT-X1,2022-01-06,True
478,DEVICE_00478,IoT-X2,2023-06-01,True
479,DEVICE_00479,IoT-PRO,2023-01-26,True
480,DEVICE_00480,IoT-X2,2023-02-09,True
481,DEVICE_00481,IoT-PRO,2023-01-15,True
482,DEVICE_00482,IoT-X1,2023-07-27,True
483,DEVICE_00483,IoT-X1,2023-08-18,True
484,DEVICE_00484,IoT-X1,2022-09-24,True
485,DEVICE_00485,IoT-X1,2023-05-31,True
486,DEVICE_00486,IoT-X2,2022-12-14,True
487,DEVICE_00487,IoT-X2,2022-05-16,True
488,DEVICE_00488,IoT-X1,2022-11-21,True
489,DEVICE_00489,IoT-PRO,2023-06-28,True
490,DEVICE_00490,IoT-X2,2022-05-26,True
491,DEVICE_00491,IoT-X2,2022-04-30,True
492,DEVICE_00492,IoT-X2,2022-02-15,True
493,DEVICE_00493,IoT-X1,2023-05-27,True
494,DEVICE_00494,IoT-X2,2024-02-05,True
495,DEVICE_00495,IoT-X2,2023-03-17,True
496,DEVICE_00496,IoT-X2,2022-09-27,True
497,DEVICE_00497,IoT-PRO,2024-02-19,True
498,DEVICE_00498,IoT-X2,2023-06-14,True
499,DEVICE_00499,IoT-X2,2023-03-23,True
500,DEVICE_00500,IoT-X1,2022-11-20,True
501,DEVICE_00501,IoT-PRO,2023-05-19,True
502,DEVICE_00502,IoT-X1,2023-07-24,True
503,DEVICE_00503,IoT-PRO,2023-10-14,True
504,DEVICE_00504,IoT-X2,2022-02-24,True
505,DEVICE_00505,IoT-X1,2022-06-02,True
506,DEVICE_00506,IoT-X1,2022-08-24,True
507,DEVICE_00507,IoT-X1,2022-02-06,True
508,DEVICE_00508,IoT-X2,2022-09-24,True
509,DEVICE_00509,IoT-X1,2023-12-24,True
510,DEVICE_00510,IoT-X2,2023-03-23,True
511,DEVICE_00511,IoT-X1,2023-05-22,True
512,DEVICE_00512,IoT-X1,2023-03-29,True
513,DEVICE_00513,IoT-X2,2023-12-28,True
514,DEVICE_00514,IoT-PRO,2023-05-12,True
515,DEVICE_00515,IoT-X2,2023-05-20,True
516,DEVICE_00516,IoT-X1,2024-01-08,True
517,DEVICE_00517,IoT-X1,2022-05-07,True
518,DEVICE_00518,IoT-X2,2022-04-06,True
519,DEVICE_00519,IoT-X1,2022-10-18,True
520,DEVICE_00520,IoT-X1,2022-06-22,True
521,DEVICE_00521,IoT-PRO,2023-06-05,True
522,DEVICE_00522,IoT-X2,2023-07-31,True
523,DEVICE_00523,IoT-PRO,2023-08-23,True
524,DEVICE_00524,IoT-X1,2023-08-21,True
525,DEVICE_00525,IoT-X1,2023-06-23,True
526,DEVICE_00526,IoT-PRO,2022-07-04,True
527,DEVICE_00527,IoT-X2,2022-03-20,True
528,DEVICE_00528,IoT-X1,2024-02-26,True
529,DEVICE_00529,IoT-X2,2023-11-25,True
530,DEVICE_00530,IoT-X1,2022-12-03,True
531,DEVICE_00531,IoT-X1,2022-10-19,True
532,DEVICE_00532,IoT-PRO,2023-11-28,True
533,DEVICE_00533,IoT-X1,2023-02-08,True
534,DEVICE_00534,IoT-X2,2023-08-28,True
535,DEVICE_00535,IoT-X1,2022-11-28,True
536,DEVICE_00536,IoT-X1,2022-01-30,True
537,DEVICE_00537,IoT-X1,2023-04-17,True
538,DEVICE_00538,IoT-PRO,2023-11-07,True
539,DEVICE_00539,IoT-X2,2023-04-10,True
540,DEVICE_00540,IoT-PRO,2022-10-03,True
541,DEVICE_00541,IoT-PRO,2023-11-05,True
542,DEVICE_00542,IoT-X1,2022-12-04,True
543,DEVICE_00543,IoT-X1,2023-11-03,True
544,DEVICE_00544,IoT-PRO,2023-04-09,True
545,DEVICE_00545,IoT-X2,2024-01-20,True
546,DEVICE_00546,IoT-PRO,2023-08-06,True
547,DEVICE_00547,IoT-X1,2022-08-05,True
548,DEVICE_00548,IoT-X1,2023-10-22,True
549,DEVICE_00549,IoT-X2,2022-11-27,True
550,DEVICE_00550,IoT-X1,2024-02-01,True
551,DEVICE_00551,IoT-X1,2023-07-15,True
552,DEVICE_00552,IoT-PRO,2023-01-26,True
553,DEVICE_00553,IoT-X1,2023-02-13,True
554,DEVICE_00554,IoT-X2,2022-07-02,True
555,DEVICE_00555,IoT-X1,2024-02-29,True
556,DEVICE_00556,IoT-X2,2022-04-02,True
557,DEVICE_00557,IoT-X1,2022-08-02,True
558,DEVICE_00558,IoT-X1,2023-02-02,True
559,DEVICE_00559,IoT-X2,2022-10-19,True
560,DEVICE_00560,IoT-PRO,2024-02-10,True
561,DEVICE_00561,IoT-PRO,2022-06-07,True
562,DEVICE_00562,IoT-X1,2022-11-02,True
563,DEVICE_00563,IoT-X2,2023-03-19,True
564,DEVICE_00564,IoT-PRO,2022-11-14,True
565,DEVICE_00565,IoT-PRO,2023-09-10,True
566,DEVICE_00566,IoT-X1,2023-01-03,True
567,DEVICE_00567,IoT-PRO,2022-04-09,True
568,DEVICE_00568,IoT-X2,2023-06-09,True
569,DEVICE_00569,IoT-X1,2023-05-17,True
570,DEVICE_00570,IoT-X2,2023-02-02,True
571,DEVICE_00571,IoT-X2,2022-10-02,True
572,DEVICE_00572,IoT-PRO,2023-09-07,True
573,DEVICE_00573,IoT-X2,2022-04-03,True
574,DEVICE_00574,IoT-X2,2023-01-13,True
575,DEVICE_00575,IoT-PRO,2022-07-10,True
576,DEVICE_00576,IoT-X2,2023-10-08,True
577,DEVICE_00577,IoT-X2,2022-04-06,True
578,DEVICE_00578,IoT-X1,2023-06-10,True
579,DEVICE_00579,IoT-X2,2023-04-20,True
580,DEVICE_00580,IoT-PRO,2022-08-18,True
581,DEVICE_00581,IoT-PRO,2023-12-04,True
582,DEVICE_00582,IoT-PRO,2022-06-08,True
583,DEVICE_00583,IoT-X2,2023-06-24,True
584,DEVICE_00584,IoT-PRO,2023-10-25,True
585,DEVICE_00585,IoT-PRO,2022-03-27,True
586,DEVICE_00586,IoT-X2,2023-04-25,True
587,DEVICE_00587,IoT-X2,2022-03-23,True
588,DEVICE_00588,IoT-X2,2022-11-04,True
589,DEVICE_00589,IoT-X1,2022-05-11,True
590,DEVICE_00590,IoT-PRO,2022-11-04,True
591,DEVICE_00591,IoT-X1,2023-06-20,True
592,DEVICE_00592,IoT-X2,2022-10-30,True
593,DEVICE_00593,IoT-PRO,2022-02-18,True
594,DEVICE_00594,IoT-PRO,2022-03-20,True
595,DEVICE_00595,IoT-X1,2023-06-10,True
596,DEVICE_00596,IoT-X1,2023-06-07,True
597,DEVICE_00597,IoT-X2,2023-02-27,True
598,DEVICE_00598,IoT-X1,2023-04-21,True
599,DEVICE_00599,IoT-PRO,2024-01-08,True
600,DEVICE_00600,IoT-PRO,2022-09-17,True
601,DEVICE_00601,IoT-X2,2022-09-18,True
602,DEVICE_00602,IoT-PRO,2022-03-25,True
603,DEVICE_00603,IoT-PRO,2022-01-17,True
604,DEVICE_00604,IoT-X1,2024-01-29,True
605,DEVICE_00605,IoT-PRO,2023-04-19,True
606,DEVICE_00606,IoT-X1,2022-07-06,True
607,DEVICE_00607,IoT-X2,2022-02-16,True
608,DEVICE_00608,IoT-X1,2023-03-03,True
609,DEVICE_00609,IoT-PRO,2022-11-01,True
610,DEVICE_00610,IoT-X2,2023-08-25,True
611,DEVICE_00611,IoT-PRO,2023-04-11,True
612,DEVICE_00612,IoT-PRO,2023-04-06,True
613,DEVICE_00613,IoT-PRO,2022-09-29,True
614,DEVICE_00614,IoT-X2,2022-07-11,True
615,DEVICE_00615,IoT-X1,2022-07-09,True
616,DEVICE_00616,IoT-X1,2024-02-04,True
617,DEVICE_00617,IoT-PRO,2022-09-23,True
618,DEVICE_00618,IoT-PRO,2022-04-19,True
619,DEVICE_00619,IoT-X2,2023-07-02,True
620,DEVICE_00620,IoT-X1,2022-01-06,True
621,DEVICE_00621,IoT-X2,2022-04-30,True
622,DEVICE_00622,IoT-X1,2022-06-25,True
623,DEVICE_00623,IoT-PRO,2023-05-04,True
624,DEVICE_00624,IoT-X2,2023-12-10,True
625,DEVICE_00625,IoT-X2,2023-11-05,True
626,DEVICE_00626,IoT-PRO,2023-09-09,True
627,DEVICE_00627,IoT-PRO,2023-05-14,True
628,DEVICE_00628,IoT-X2,2023-09-26,True
629,DEVICE_00629,IoT-PRO,2023-01-05,True
630,DEVICE_00630,IoT-PRO,2023-11-21,True
631,DEVICE_00631,IoT-PRO,2023-11-23,True
632,DEVICE_00632,IoT-X2,2022-11-06,True
633,DEVICE_00633,IoT-X1,2022-05-09,True
634,DEVICE_00634,IoT-X1,2022-01-15,True
635,DEVICE_00635,IoT-X1,2022-04-25,True
636,DEVICE_00636,IoT-X1,2023-12-14,True
637,DEVICE_00637,IoT-X1,2022-01-28,True
638,DEVICE_00638,IoT-X1,2023-05-08,True
639,DEVICE_00639,IoT-PRO,2022-05-29,True
640,DEVICE_00640,IoT-PRO,2022-09-05,True
641,DEVICE_00641,IoT-X2,2023-10-04,True
642,DEVICE_00642,IoT-PRO,2022-07-15,True
643,DEVICE_00643,IoT-X1,2022-11-05,True
644,DEVICE_00644,IoT-X2,2022-06-01,True
645,DEVICE_00645,IoT-X2,2023-03-09,True
646,DEVICE_00646,IoT-X1,2022-04-30,True
647,DEVICE_00647,IoT-X1,2022-06-06,True
648,DEVICE_00648,IoT-PRO,2023-12-21,True
649,DEVICE_00649,IoT-X2,2023-05-12,True
650,DEVICE_00650,IoT-X2,2022-01-21,True
651,DEVICE_00651,IoT-X2,2023-08-23,True
652,DEVICE_00652,IoT-X1,2022-07-26,True
653,DEVICE_00653,IoT-X2,2023-08-07,True
654,DEVICE_00654,IoT-X2,2022-02-22,True
655,DEVICE_00655,IoT-X2,2022-01-09,True
656,DEVICE_00656,IoT-X1,2023-10-08,True
657,DEVICE_00657,IoT-PRO,2023-03-19,True
658,DEVICE_00658,IoT-X2,2023-05-23,True
659,DEVICE_00659,IoT-PRO,2023-08-16,True
660,DEVICE_00660,IoT-PRO,2024-01-19,True
661,DEVICE_00661,IoT-PRO,2022-10-25,True
662,DEVICE_00662,IoT-X1,2023-05-15,True
663,DEVICE_00663,IoT-X2,2023-05-13,True
664,DEVICE_00664,IoT-PRO,2023-08-29,True
665,DEVICE_00665,IoT-PRO,2023-09-19,True
666,DEVICE_00666,IoT-PRO,2023-05-15,True
667,DEVICE_00667,IoT-X1,2024-01-02,True
668,DEVICE_00668,IoT-X1,2023-06-25,True
669,DEVICE_00669,IoT-X1,2023-03-09,True
670,DEVICE_00670,IoT-PRO,2022-11-20,True
671,DEVICE_00671,IoT-PRO,2022-03-07,True
672,DEVICE_00672,IoT-X2,2023-10-26,True
673,DEVICE_00673,IoT-X2,2023-04-30,True
674,DEVICE_00674,IoT-X1,2023-05-22,True
675,DEVICE_00675,IoT-PRO,2023-10-24,True
676,DEVICE_00676,IoT-X2,2023-04-05,True
677,DEVICE_00677,IoT-PRO,2023-03-23,True
678,DEVICE_00678,IoT-X1,2022-06-15,True
679,DEVICE_00679,IoT-X2,2024-01-14,True
680,DEVICE_00680,IoT-X1,2023-04-26,True
681,DEVICE_00681,IoT-X2,2023-03-25,True
682,DEVICE_00682,IoT-X1,2023-06-04,True
683,DEVICE_00683,IoT-X1,2023-08-25,True
684,DEVICE_00684,IoT-PRO,2022-12-14,True
685,DEVICE_00685,IoT-PRO,2024-01-03,True
686,DEVICE_00686,IoT-PRO,2023-04-25,True
687,DEVICE_00687,IoT-X1,2022-10-28,True
688,DEVICE_00688,IoT-PRO,2023-12-30,True
689,DEVICE_00689,IoT-X2,2023-03-03,True
690,DEVICE_00690,IoT-PRO,2023-10-31,True
691,DEVICE_00691,IoT-PRO,2023-01-04,True
692,DEVICE_00692,IoT-X2,2022-06-15,True
693,DEVICE_00693,IoT-PRO,2022-08-01,True
694,DEVICE_00694,IoT-X2,2023-12-09,True
695,DEVICE_00695,IoT-PRO,2022-03-30,True
696,DEVICE_00696,IoT-PRO,2023-05-10,True
697,DEVICE_00697,IoT-X1,2022-06-27,True
698,DEVICE_00698,IoT-X1,2022-06-10,True
699,DEVICE_00699,IoT-PRO,2023-05-19,True
700,DEVICE_00700,IoT-X1,2023-03-02,True
701,DEVICE_00701,IoT-X2,2022-11-07,True
702,DEVICE_00702,IoT-X1,2022-08-03,True
703,DEVICE_00703,IoT-PRO,2022-02-18,True
704,DEVICE_00704,IoT-X1,2023-01-03,True
705,DEVICE_00705,IoT-X2,2023-01-01,True
706,DEVICE_00706,IoT-PRO,2022-06-12,True
707,DEVICE_00707,IoT-X1,2023-05-31,True
708,DEVICE_00708,IoT-X1,2022-03-07,True
709,DEVICE_00709,IoT-X2,2023-03-17,True
710,DEVICE_00710,IoT-X1,2023-09-25,True
711,DEVICE_00711,IoT-X1,2022-05-04,True
712,DEVICE_00712,IoT-PRO,2022-08-18,True
713,DEVICE_00713,IoT-X2,2022-09-22,True
714,DEVICE_00714,IoT-X2,2022-12-30,True
715,DEVICE_00715,IoT-X1,2024-02-28,True
716,DEVICE_00716,IoT-PRO,2022-10-01,True
717,DEVICE_00717,IoT-X1,2023-12-08,True
718,DEVICE_00718,IoT-PRO,2023-09-11,True
719,DEVICE_00719,IoT-PRO,2022-04-17,True
720,DEVICE_00720,IoT-PRO,2022-02-21,True
721,DEVICE_00721,IoT-X2,2023-04-14,True
722,DEVICE_00722,IoT-X1,2022-04-19,True
723,DEVICE_00723,IoT-PRO,2023-09-17,True
724,DEVICE_00724,IoT-X1,2023-07-30,True
725,DEVICE_00725,IoT-X1,2023-06-04,True
726,DEVICE_00726,IoT-X1,2022-06-21,True
727,DEVICE_00727,IoT-PRO,2022-05-01,True
728,DEVICE_00728,IoT-X1,2023-01-06,True
729,DEVICE_00729,IoT-X1,2024-01-16,True
730,DEVICE_00730,IoT-X2,2023-12-27,True
731,DEVICE_00731,IoT-X2,2024-02-20,True
732,DEVICE_00732,IoT-PRO,2023-05-26,True
733,DEVICE_00733,IoT-PRO,2022-04-12,True
734,DEVICE_00734,IoT-X1,2023-10-25,True
735,DEVICE_00735,IoT-X2,2022-12-09,True
736,DEVICE_00736,IoT-X1,2022-05-06,True
737,DEVICE_00737,IoT-X1,2023-03-26,True
738,DEVICE_00738,IoT-X2,2024-02-27,True
739,DEVICE_00739,IoT-X1,2022-09-09,True
740,DEVICE_00740,IoT-X2,2022-12-16,True
741,DEVICE_00741,IoT-X2,2023-06-02,True
742,DEVICE_00742,IoT-X1,2022-03-29,True
743,DEVICE_00743,IoT-X2,2023-01-17,True
744,DEVICE_00744,IoT-PRO,2024-02-12,True
745,DEVICE_00745,IoT-X2,2023-01-05,True
746,DEVICE_00746,IoT-PRO,2023-11-12,True
747,DEVICE_00747,IoT-X1,2022-06-05,True
748,DEVICE_00748,IoT-PRO,2023-03-08,True
749,DEVICE_00749,IoT-X1,2022-05-22,True
750,DEVICE_00750,IoT-X2,2023-02-28,True
751,DEVICE_00751,IoT-X2,2023-04-15,True
752,DEVICE_00752,IoT-PRO,2023-11-30,True
753,DEVICE_00753,IoT-X2,2022-01-31,True
754,DEVICE_00754,IoT-X2,2022-05-30,True
755,DEVICE_00755,IoT-X1,2024-01-05,True
756,DEVICE_00756,IoT-PRO,2022-03-13,True
757,DEVICE_00757,IoT-X1,2022-12-13,True
758,DEVICE_00758,IoT-X2,2023-02-16,True
759,DEVICE_00759,IoT-X1,2023-03-21,True
760,DEVICE_00760,IoT-X1,2023-02-07,True
761,DEVICE_00761,IoT-X1,2023-11-08,True
762,DEVICE_00762,IoT-PRO,2022-06-04,True
763,DEVICE_00763,IoT-PRO,2022-03-01,True
764,DEVICE_00764,IoT-PRO,2024-01-01,True
765,DEVICE_00765,IoT-PRO,2023-06-17,True
766,DEVICE_00766,IoT-X2,2023-03-06,True
767,DEVICE_00767,IoT-X2,2023-11-29,True
768,DEVICE_00768,IoT-PRO,2023-07-21,True
769,DEVICE_00769,IoT-X2,2024-01-09,True
770,DEVICE_00770,IoT-PRO,2022-11-18,True
771,DEVICE_00771,IoT-X2,2022-01-09,True
772,DEVICE_00772,IoT-X2,2023-06-25,True
773,DEVICE_00773,IoT-PRO,2022-05-31,True
774,DEVICE_00774,IoT-PRO,2023-02-18,True
775,DEVICE_00775,IoT-X2,2023-10-22,True
776,DEVICE_00776,IoT-X1,2023-07-12,True
777,DEVICE_00777,IoT-PRO,2023-09-26,True
778,DEVICE_00778,IoT-PRO,2023-03-29,True
779,DEVICE_00779,IoT-PRO,2022-12-20,True
780,DEVICE_00780,IoT-PRO,2023-02-19,True
781,DEVICE_00781,IoT-X1,2022-11-05,True
782,DEVICE_00782,IoT-X1,2022-02-07,True
783,DEVICE_00783,IoT-PRO,2022-12-09,True
784,DEVICE_00784,IoT-X2,2024-01-13,True
785,DEVICE_00785,IoT-PRO,2024-01-28,True
786,DEVICE_00786,IoT-X1,2023-06-17,True
787,DEVICE_00787,IoT-PRO,2022-10-18,True
788,DEVICE_00788,IoT-X1,2022-04-06,True
789,DEVICE_00789,IoT-PRO,2023-07-20,True
790,DEVICE_00790,IoT-X2,2023-06-18,True
791,DEVICE_00791,IoT-X2,2024-02-15,True
792,DEVICE_00792,IoT-PRO,2022-06-13,True
793,DEVICE_00793,IoT-X1,2022-01-29,True
794,DEVICE_00794,IoT-PRO,2023-08-30,True
795,DEVICE_00795,IoT-X2,2022-09-05,True
796,DEVICE_00796,IoT-X2,2024-01-14,True
797,DEVICE_00797,IoT-X2,2023-06-02,True
798,DEVICE_00798,IoT-X1,2024-01-20,True
799,DEVICE_00799,IoT-X1,2023-01-17,True
800,DEVICE_00800,IoT-X2,2023-10-05,True
801,DEVICE_00801,IoT-PRO,2022-12-29,True
802,DEVICE_00802,IoT-X1,2022-02-18,True
803,DEVICE_00803,IoT-PRO,2022-05-08,True
804,DEVICE_00804,IoT-X2,2022-11-02,True
805,DEVICE_00805,IoT-PRO,2024-01-25,True
806,DEVICE_00806,IoT-X1,2023-04-10,True
807,DEVICE_00807,IoT-X2,2022-08-30,True
808,DEVICE_00808,IoT-PRO,2023-08-19,True
809,DEVICE_00809,IoT-PRO,2024-01-02,True
810,DEVICE_00810,IoT-PRO,2023-11-13,True
811,DEVICE_00811,IoT-PRO,2023-09-02,True
812,DEVICE_00812,IoT-X1,2022-12-25,True
813,DEVICE_00813,IoT-X2,2022-10-19,True
814,DEVICE_00814,IoT-PRO,2024-01-03,True
815,DEVICE_00815,IoT-PRO,2023-11-20,True
816,DEVICE_00816,IoT-X1,2024-01-02,True
817,DEVICE_00817,IoT-X2,2023-06-17,True
818,DEVICE_00818,IoT-PRO,2022-09-11,True
819,DEVICE_00819,IoT-X1,2022-12-02,True
820,DEVICE_00820,IoT-PRO,2023-08-20,True
821,DEVICE_00821,IoT-X1,2024-03-08,True
822,DEVICE_00822,IoT-X2,2023-04-11,True
823,DEVICE_00823,IoT-X1,2022-05-31,True
824,DEVICE_00824,IoT-PRO,2023-03-12,True
825,DEVICE_00825,IoT-X2,2022-03-25,True
826,DEVICE_00826,IoT-X1,2022-03-05,True
827,DEVICE_00827,IoT-X2,2022-05-14,True
828,DEVICE_00828,IoT-X2,2022-08-08,True
829,DEVICE_00829,IoT-X2,2022-03-21,True
830,DEVICE_00830,IoT-X2,2023-11-25,True
831,DEVICE_00831,IoT-PRO,2023-02-17,True
832,DEVICE_00832,IoT-PRO,2023-07-27,True
833,DEVICE_00833,IoT-PRO,2024-03-08,True
834,DEVICE_00834,IoT-X2,2022-09-28,True
835,DEVICE_00835,IoT-PRO,2023-05-26,True
836,DEVICE_00836,IoT-PRO,2023-03-10,True
837,DEVICE_00837,IoT-X2,2023-12-07,True
838,DEVICE_00838,IoT-X2,2024-01-20,True
839,DEVICE_00839,IoT-X2,2022-06-16,True
840,DEVICE_00840,IoT-X1,2023-06-02,True
841,DEVICE_00841,IoT-X1,2023-05-12,True
842,DEVICE_00842,IoT-PRO,2023-04-14,True
843,DEVICE_00843,IoT-X1,2023-12-23,True
844,DEVICE_00844,IoT-PRO,2023-06-26,True
845,DEVICE_00845,IoT-X1,2023-12-13,True
846,DEVICE_00846,IoT-X1,2023-04-12,True
847,DEVICE_00847,IoT-X2,2022-02-03,True
848,DEVICE_00848,IoT-PRO,2022-06-10,True
849,DEVICE_00849,IoT-PRO,2023-01-14,True
850,DEVICE_00850,IoT-X1,2023-09-09,True
851,DEVICE_00851,IoT-X2,2022-04-23,True
852,DEVICE_00852,IoT-X1,2023-01-14,True
853,DEVICE_00853,IoT-PRO,2022-10-24,True
854,DEVICE_00854,IoT-X1,2023-06-20,True
855,DEVICE_00855,IoT-X1,2022-05-01,True
856,DEVICE_00856,IoT-X2,2022-11-09,True
857,DEVICE_00857,IoT-X2,2022-11-07,True
858,DEVICE_00858,IoT-X2,2023-05-13,True
859,DEVICE_00859,IoT-X1,2022-05-27,True
860,DEVICE_00860,IoT-X1,2023-08-27,True
861,DEVICE_00861,IoT-X2,2022-02-19,True
862,DEVICE_00862,IoT-X2,2022-10-18,True
863,DEVICE_00863,IoT-X1,2022-07-07,True
864,DEVICE_00864,IoT-PRO,2023-05-16,True
865,DEVICE_00865,IoT-X1,2022-05-06,True
866,DEVICE_00866,IoT-PRO,2022-12-24,True
867,DEVICE_00867,IoT-X1,2022-02-15,True
868,DEVICE_00868,IoT-X2,2023-05-08,True
869,DEVICE_00869,IoT-PRO,2022-11-14,True
870,DEVICE_00870,IoT-PRO,2023-04-09,True
871,DEVICE_00871,IoT-X2,2024-03-11,True
872,DEVICE_00872,IoT-X2,2023-05-02,True
873,DEVICE_00873,IoT-PRO,2023-09-13,True
874,DEVICE_00874,IoT-X1,2024-02-20,True
875,DEVICE_00875,IoT-X1,2023-06-01,True
876,DEVICE_00876,IoT-PRO,2023-04-17,True
877,DEVICE_00877,IoT-X2,2023-11-15,True
878,DEVICE_00878,IoT-X2,2022-06-02,True
879,DEVICE_00879,IoT-PRO,2022-11-30,True
880,DEVICE_00880,IoT-X1,2023-10-02,True
881,DEVICE_00881,IoT-PRO,2023-10-01,True
882,DEVICE_00882,IoT-X2,2023-02-01,True
883,DEVICE_00883,IoT-X1,2023-02-09,True
884,DEVICE_00884,IoT-X2,2023-07-08,True
885,DEVICE_00885,IoT-X1,2023-11-18,True
886,DEVICE_00886,IoT-X2,2024-01-24,True
887,DEVICE_00887,IoT-X2,2023-10-24,True
888,DEVICE_00888,IoT-X1,2022-06-19,True
889,DEVICE_00889,IoT-PRO,2022-01-26,True
890,DEVICE_00890,IoT-PRO,2023-10-08,True
891,DEVICE_00891,IoT-PRO,2022-11-13,True
892,DEVICE_00892,IoT-PRO,2023-10-23,True
893,DEVICE_00893,IoT-X1,2023-10-22,True
894,DEVICE_00894,IoT-PRO,2022-03-29,True
895,DEVICE_00895,IoT-X1,2023-09-26,True
896,DEVICE_00896,IoT-PRO,2023-08-14,True
897,DEVICE_00897,IoT-X1,2023-08-07,True
898,DEVICE_00898,IoT-PRO,2022-07-13,True
899,DEVICE_00899,IoT-X2,2023-05-30,True
900,DEVICE_00900,IoT-X1,2022-05-04,True
901,DEVICE_00901,IoT-PRO,2023-06-29,True
902,DEVICE_00902,IoT-X1,2022-01-20,True
903,DEVICE_00903,IoT-X2,2022-07-30,True
904,DEVICE_00904,IoT-X1,2023-12-24,True
905,DEVICE_00905,IoT-PRO,2023-03-31,True
906,DEVICE_00906,IoT-X1,2023-07-01,True
907,DEVICE_00907,IoT-PRO,2022-11-25,True
908,DEVICE_00908,IoT-X2,2023-08-27,True
909,DEVICE_00909,IoT-X1,2023-05-19,True
910,DEVICE_00910,IoT-X1,2022-12-15,True
911,DEVICE_00911,IoT-X2,2022-07-04,True
912,DEVICE_00912,IoT-X2,2022-01-25,True
913,DEVICE_00913,IoT-PRO,2022-11-21,True
914,DEVICE_00914,IoT-X2,2022-09-21,True
915,DEVICE_00915,IoT-X1,2022-04-28,True
916,DEVICE_00916,IoT-X1,2023-07-09,True
917,DEVICE_00917,IoT-X1,2022-10-20,True
918,DEVICE_00918,IoT-X1,2022-07-07,True
919,DEVICE_00919,IoT-X2,2024-02-26,True
920,DEVICE_00920,IoT-X1,2022-06-07,True
921,DEVICE_00921,IoT-X2,2023-02-22,True
922,DEVICE_00922,IoT-PRO,2022-06-23,True
923,DEVICE_00923,IoT-X1,2023-09-22,True
924,DEVICE_00924,IoT-X2,2022-07-05,True
925,DEVICE_00925,IoT-X1,2024-01-01,True
926,DEVICE_00926,IoT-X1,2022-11-02,True
927,DEVICE_00927,IoT-X2,2022-04-12,True
928,DEVICE_00928,IoT-X2,2022-05-26,True
929,DEVICE_00929,IoT-X2,2022-11-28,True
930,DEVICE_00930,IoT-X2,2023-01-20,True
931,DEVICE_00931,IoT-X1,2022-02-23,True
932,DEVICE_00932,IoT-X1,2022-09-03,True
933,DEVICE_00933,IoT-PRO,2023-08-24,True
934,DEVICE_00934,IoT-X1,2023-05-20,True
935,DEVICE_00935,IoT-PRO,2024-02-10,True
936,DEVICE_00936,IoT-PRO,2023-01-30,True
937,DEVICE_00937,IoT-X1,2022-10-03,True
938,DEVICE_00938,IoT-X1,2022-11-22,True
939,DEVICE_00939,IoT-X2,2023-07-21,True
940,DEVICE_00940,IoT-X2,2022-03-09,True
941,DEVICE_00941,IoT-X2,2022-01-30,True
942,DEVICE_00942,IoT-X2,2023-10-11,True
943,DEVICE_00943,IoT-X1,2022-01-20,True
944,DEVICE_00944,IoT-X2,2023-07-22,True
945,DEVICE_00945,IoT-PRO,2023-11-23,True
946,DEVICE_00946,IoT-X1,2022-09-10,True
947,DEVICE_00947,IoT-PRO,2023-10-30,True
948,DEVICE_00948,IoT-X1,2022-11-08,True
949,DEVICE_00949,IoT-PRO,2023-02-21,True
950,DEVICE_00950,IoT-X2,2022-03-27,True
951,DEVICE_00951,IoT-PRO,2023-05-28,True
952,DEVICE_00952,IoT-X1,2022-05-26,True
953,DEVICE_00953,IoT-X2,2023-07-08,True
954,DEVICE_00954,IoT-X1,2024-03-11,True
955,DEVICE_00955,IoT-X1,2023-07-05,True
956,DEVICE_00956,IoT-X2,2023-07-23,True
957,DEVICE_00957,IoT-X2,2022-02-12,True
958,DEVICE_00958,IoT-X1,2023-04-21,True
959,DEVICE_00959,IoT-PRO,2022-10-24,True
960,DEVICE_00960,IoT-PRO,2022-06-21,True
961,DEVICE_00961,IoT-X1,2022-03-03,True
962,DEVICE_00962,IoT-X2,2022-10-07,True
963,DEVICE_00963,IoT-PRO,2022-09-14,True
964,DEVICE_00964,IoT-PRO,2023-01-25,True
965,DEVICE_00965,IoT-X2,2023-10-10,True
966,DEVICE_00966,IoT-X1,2023-08-23,True
967,DEVICE_00967,IoT-PRO,2022-10-16,True
968,DEVICE_00968,IoT-X1,2022-06-15,True
969,DEVICE_00969,IoT-PRO,2023-07-01,True
970,DEVICE_00970,IoT-PRO,2022-03-13,True
971,DEVICE_00971,IoT-X2,2022-04-02,True
972,DEVICE_00972,IoT-X2,2023-12-17,True
973,DEVICE_00973,IoT-X1,2022-05-24,True
974,DEVICE_00974,IoT-PRO,2023-07-24,True
975,DEVICE_00975,IoT-X2,2023-03-19,True
976,DEVICE_00976,IoT-X1,2023-09-18,True
977,DEVICE_00977,IoT-PRO,2022-11-22,True
978,DEVICE_00978,IoT-PRO,2022-12-17,True
979,DEVICE_00979,IoT-PRO,2022-09-25,True
980,DEVICE_00980,IoT-PRO,2023-04-09,True
981,DEVICE_00981,IoT-X2,2022-09-09,True
982,DEVICE_00982,IoT-PRO,2022-11-26,True
983,DEVICE_00983,IoT-X2,2022-08-04,True
984,DEVICE_00984,IoT-X2,2023-09-06,True
985,DEVICE_00985,IoT-X2,2022-01-17,True
986,DEVICE_00986,IoT-PRO,2022-05-17,True
987,DEVICE_00987,IoT-PRO,2022-01-03,True
988,DEVICE_00988,IoT-PRO,2023-05-03,True
989,DEVICE_00989,IoT-X1,2022-01-10,True
990,DEVICE_00990,IoT-PRO,2022-06-27,True
991,DEVICE_00991,IoT-X2,2023-07-24,True
992,DEVICE_00992,IoT-PRO,2023-12-22,True
993,DEVICE_00993,IoT-X2,2024-02-20,True
994,DEVICE_00994,IoT-X2,2023-07-06,True
995,DEVICE_00995,IoT-X1,2023-10-27,True
996,DEVICE_00996,IoT-PRO,2022-03-21,True
997,DEVICE_00997,IoT-PRO,2022-02-01,True
998,DEVICE_00998,IoT-PRO,2023-04-01,True
999,DEVICE_00999,IoT-PRO,2022-05-07,True
1000,DEVICE_01000,IoT-X2,2023-01-21,True
1001,DEVICE_01001,IoT-PRO,2023-01-02,True
1002,DEVICE_01002,IoT-X2,2022-07-01,True
1003,DEVICE_01003,IoT-PRO,2022-01-09,True
1004,DEVICE_01004,IoT-X1,2023-04-19,True
1005,DEVICE_01005,IoT-X2,2022-07-17,True
1006,DEVICE_01006,IoT-X2,2022-01-10,True
1007,DEVICE_01007,IoT-X1,2024-01-31,True
1008,DEVICE_01008,IoT-X1,2024-02-16,True
1009,DEVICE_01009,IoT-X2,2023-11-28,True
1010,DEVICE_01010,IoT-PRO,2023-01-02,True
1011,DEVICE_01011,IoT-X1,2022-04-03,True
1012,DEVICE_01012,IoT-PRO,2023-10-03,True
1013,DEVICE_01013,IoT-X2,2024-01-06,True
1014,DEVICE_01014,IoT-X1,2022-08-28,True
1015,DEVICE_01015,IoT-X2,2023-01-07,True
1016,DEVICE_01016,IoT-X1,2022-10-15,True
1017,DEVICE_01017,IoT-X2,2023-12-22,True
1018,DEVICE_01018,IoT-PRO,2023-09-13,True
1019,DEVICE_01019,IoT-X1,2022-01-08,True
1020,DEVICE_01020,IoT-X1,2023-10-16,True
1021,DEVICE_01021,IoT-X2,2022-04-24,True
1022,DEVICE_01022,IoT-X2,2023-08-06,True
1023,DEVICE_01023,IoT-PRO,2023-05-21,True
1024,DEVICE_01024,IoT-X1,2023-07-20,True
1025,DEVICE_01025,IoT-X1,2023-11-07,True
1026,DEVICE_01026,IoT-PRO,2023-08-03,True
1027,DEVICE_01027,IoT-PRO,2023-11-30,True
1028,DEVICE_01028,IoT-PRO,2023-08-02,True
1029,DEVICE_01029,IoT-X1,2022-03-08,True
1030,DEVICE_01030,IoT-PRO,2022-05-12,True
1031,DEVICE_01031,IoT-PRO,2022-03-08,True
1032,DEVICE_01032,IoT-X1,2022-09-23,True
1033,DEVICE_01033,IoT-PRO,2022-08-22,True
1034,DEVICE_01034,IoT-PRO,2024-01-17,True
1035,DEVICE_01035,IoT-X2,2022-07-16,True
1036,DEVICE_01036,IoT-PRO,2022-01-24,True
1037,DEVICE_01037,IoT-PRO,2023-11-26,True
1038,DEVICE_01038,IoT-PRO,2023-09-22,True
1039,DEVICE_01039,IoT-X2,2023-11-29,True
1040,DEVICE_01040,IoT-PRO,2023-04-10,True
1041,DEVICE_01041,IoT-X1,2023-03-14,True
1042,DEVICE_01042,IoT-PRO,2023-11-21,True
1043,DEVICE_01043,IoT-PRO,2022-02-23,True
1044,DEVICE_01044,IoT-X2,2023-03-19,True
1045,DEVICE_01045,IoT-X2,2022-10-08,True
1046,DEVICE_01046,IoT-X1,2023-11-28,True
1047,DEVICE_01047,IoT-PRO,2023-04-23,True
1048,DEVICE_01048,IoT-X2,2023-01-06,True
1049,DEVICE_01049,IoT-PRO,2024-02-17,True
1050,DEVICE_01050,IoT-X1,2024-01-09,True
1051,DEVICE_01051,IoT-X1,2022-02-18,True
1052,DEVICE_01052,IoT-X2,2023-03-07,True
1053,DEVICE_01053,IoT-PRO,2023-04-05,True
1054,DEVICE_01054,IoT-X2,2022-01-06,True
1055,DEVICE_01055,IoT-X2,2022-07-19,True
1056,DEVICE_01056,IoT-X2,2022-03-25,True
1057,DEVICE_01057,IoT-PRO,2022-01-26,True
1058,DEVICE_01058,IoT-PRO,2022-08-20,True
1059,DEVICE_01059,IoT-PRO,2023-03-10,True
1060,DEVICE_01060,IoT-X1,2022-09-13,True
1061,DEVICE_01061,IoT-X1,2022-06-18,True
1062,DEVICE_01062,IoT-X2,2022-11-15,True
1063,DEVICE_01063,IoT-X1,2023-10-04,True
1064,DEVICE_01064,IoT-PRO,2022-04-10,True
1065,DEVICE_01065,IoT-X1,2023-05-07,True
1066,DEVICE_01066,IoT-X2,2022-01-25,True
1067,DEVICE_01067,IoT-PRO,2023-10-04,True
1068,DEVICE_01068,IoT-X2,2022-09-14,True
1069,DEVICE_01069,IoT-X1,2022-04-21,True
1070,DEVICE_01070,IoT-X2,2022-09-02,True
1071,DEVICE_01071,IoT-X2,2022-02-25,True
1072,DEVICE_01072,IoT-X2,2023-06-17,True
1073,DEVICE_01073,IoT-X1,2022-03-16,True
1074,DEVICE_01074,IoT-PRO,2023-09-27,True
1075,DEVICE_01075,IoT-X2,2024-02-22,True
1076,DEVICE_01076,IoT-X1,2023-10-03,True
1077,DEVICE_01077,IoT-X2,2023-08-16,True
1078,DEVICE_01078,IoT-X1,2022-03-29,True
1079,DEVICE_01079,IoT-X1,2022-02-04,True
1080,DEVICE_01080,IoT-X2,2022-11-17,True
1081,DEVICE_01081,IoT-PRO,2022-03-08,True
1082,DEVICE_01082,IoT-X1,2022-03-05,True
1083,DEVICE_01083,IoT-X2,2022-02-26,True
1084,DEVICE_01084,IoT-X2,2023-09-18,True
1085,DEVICE_01085,IoT-PRO,2023-03-19,True
1086,DEVICE_01086,IoT-X1,2022-04-15,True
1087,DEVICE_01087,IoT-PRO,2022-02-27,True
1088,DEVICE_01088,IoT-PRO,2022-02-23,True
1089,DEVICE_01089,IoT-X2,2023-01-26,True
1090,DEVICE_01090,IoT-X2,2022-04-09,True
1091,DEVICE_01091,IoT-PRO,2024-02-10,True
1092,DEVICE_01092,IoT-X2,2022-08-27,True
1093,DEVICE_01093,IoT-PRO,2023-11-07,True
1094,DEVICE_01094,IoT-PRO,2022-01-11,True
1095,DEVICE_01095,IoT-X2,2023-01-29,True
1096,DEVICE_01096,IoT-X2,2023-03-15,True
1097,DEVICE_01097,IoT-PRO,2023-09-27,True
1098,DEVICE_01098,IoT-X1,2022-12-14,True
1099,DEVICE_01099,IoT-PRO,2023-11-23,True
1100,DEVICE_01100,IoT-X1,2023-04-10,True
1101,DEVICE_01101,IoT-PRO,2022-12-03,True
1102,DEVICE_01102,IoT-PRO,2022-07-17,True
1103,DEVICE_01103,IoT-X1,2022-04-16,True
1104,DEVICE_01104,IoT-X1,2023-09-02,True
1105,DEVICE_01105,IoT-PRO,2022-03-11,True
1106,DEVICE_01106,IoT-PRO,2022-07-18,True
1107,DEVICE_01107,IoT-PRO,2022-05-10,True
1108,DEVICE_01108,IoT-PRO,2023-06-06,True
1109,DEVICE_01109,IoT-X2,2022-12-30,True
1110,DEVICE_01110,IoT-X2,2023-05-08,True
1111,DEVICE_01111,IoT-PRO,2023-09-28,True
1112,DEVICE_01112,IoT-X2,2022-07-10,True
1113,DEVICE_01113,IoT-X1,2022-05-21,True
1114,DEVICE_01114,IoT-X1,2022-03-03,True
1115,DEVICE_01115,IoT-X1,2022-11-16,True
1116,DEVICE_01116,IoT-PRO,2023-03-23,True
1117,DEVICE_01117,IoT-PRO,2023-10-30,True
1118,DEVICE_01118,IoT-X2,2022-11-15,True
1119,DEVICE_01119,IoT-PRO,2023-07-09,True
1120,DEVICE_01120,IoT-X1,2022-05-31,True
1121,DEVICE_01121,IoT-X2,2022-11-13,True
1122,DEVICE_01122,IoT-PRO,2022-12-18,True
1123,DEVICE_01123,IoT-X2,2023-01-13,True
1124,DEVICE_01124,IoT-X1,2023-06-15,True
1125,DEVICE_01125,IoT-PRO,2023-11-05,True
1126,DEVICE_01126,IoT-PRO,2022-05-29,True
1127,DEVICE_01127,IoT-X1,2022-09-01,True
1128,DEVICE_01128,IoT-PRO,2023-07-27,True
1129,DEVICE_01129,IoT-X1,2023-03-09,True
1130,DEVICE_01130,IoT-X2,2022-07-20,True
1131,DEVICE_01131,IoT-X1,2023-10-18,True
1132,DEVICE_01132,IoT-X1,2022-03-12,True
1133,DEVICE_01133,IoT-X2,2022-07-13,True
1134,DEVICE_01134,IoT-PRO,2023-05-03,True
1135,DEVICE_01135,IoT-PRO,2023-12-10,True
1136,DEVICE_01136,IoT-X2,2023-09-07,True
1137,DEVICE_01137,IoT-PRO,2022-12-06,True
1138,DEVICE_01138,IoT-PRO,2023-08-03,True
1139,DEVICE_01139,IoT-X2,2023-09-23,True
1140,DEVICE_01140,IoT-X2,2023-03-05,True
1141,DEVICE_01141,IoT-X2,2022-06-16,True
1142,DEVICE_01142,IoT-X1,2023-04-11,True
1143,DEVICE_01143,IoT-X1,2023-05-23,True
1144,DEVICE_01144,IoT-X1,2022-01-04,True
1145,DEVICE_01145,IoT-PRO,2022-08-17,True
1146,DEVICE_01146,IoT-PRO,2022-08-24,True
1147,DEVICE_01147,IoT-X2,2023-10-01,True
1148,DEVICE_01148,IoT-X1,2022-09-02,True
1149,DEVICE_01149,IoT-X2,2024-01-23,True
1150,DEVICE_01150,IoT-X2,2024-01-28,True
1151,DEVICE_01151,IoT-X2,2022-07-30,True
1152,DEVICE_01152,IoT-X2,2022-07-08,True
1153,DEVICE_01153,IoT-X1,2023-01-07,True
1154,DEVICE_01154,IoT-X1,2022-03-17,True
1155,DEVICE_01155,IoT-X2,2022-01-31,True
1156,DEVICE_01156,IoT-PRO,2022-04-28,True
1157,DEVICE_01157,IoT-X1,2022-10-25,True
1158,DEVICE_01158,IoT-X2,2022-07-19,True
1159,DEVICE_01159,IoT-PRO,2023-08-23,True
1160,DEVICE_01160,IoT-X2,2022-02-14,True
1161,DEVICE_01161,IoT-X1,2022-07-23,True
1162,DEVICE_01162,IoT-X1,2022-10-18,True
1163,DEVICE_01163,IoT-X1,2022-08-13,True
1164,DEVICE_01164,IoT-X2,2024-01-07,True
1165,DEVICE_01165,IoT-X1,2022-12-14,True
1166,DEVICE_01166,IoT-PRO,2022-09-09,True
1167,DEVICE_01167,IoT-X1,2022-07-20,True
1168,DEVICE_01168,IoT-X1,2022-06-30,True
1169,DEVICE_01169,IoT-X2,2022-04-14,True
1170,DEVICE_01170,IoT-X1,2023-11-25,True
1171,DEVICE_01171,IoT-X1,2023-01-24,True
1172,DEVICE_01172,IoT-PRO,2022-04-24,True
1173,DEVICE_01173,IoT-X2,2022-08-04,True
1174,DEVICE_01174,IoT-X2,2023-04-13,True
1175,DEVICE_01175,IoT-X1,2023-01-14,True
1176,DEVICE_01176,IoT-X2,2023-11-08,True
1177,DEVICE_01177,IoT-X1,2023-06-24,True
1178,DEVICE_01178,IoT-PRO,2023-03-21,True
1179,DEVICE_01179,IoT-PRO,2022-03-08,True
1180,DEVICE_01180,IoT-X1,2022-05-28,True
1181,DEVICE_01181,IoT-X1,2022-07-14,True
1182,DEVICE_01182,IoT-X1,2023-06-30,True
1183,DEVICE_01183,IoT-X2,2023-12-13,True
1184,DEVICE_01184,IoT-X2,2022-11-22,True
1185,DEVICE_01185,IoT-PRO,2023-03-16,True
1186,DEVICE_01186,IoT-PRO,2022-09-08,True
1187,DEVICE_01187,IoT-X1,2024-02-21,True
1188,DEVICE_01188,IoT-PRO,2023-08-25,True
1189,DEVICE_01189,IoT-X1,2023-07-03,True
1190,DEVICE_01190,IoT-X2,2022-06-02,True
1191,DEVICE_01191,IoT-X2,2022-09-11,True
1192,DEVICE_01192,IoT-X1,2023-10-07,True
1193,DEVICE_01193,IoT-X2,2022-05-10,True
1194,DEVICE_01194,IoT-PRO,2023-08-22,True
1195,DEVICE_01195,IoT-X2,2022-08-03,True
1196,DEVICE_01196,IoT-PRO,2022-03-25,True
1197,DEVICE_01197,IoT-X2,2023-11-11,True
1198,DEVICE_01198,IoT-PRO,2022-03-08,True
1199,DEVICE_01199,IoT-X1,2023-06-05,True
1200,DEVICE_01200,IoT-X2,2024-02-09,True
1201,DEVICE_01201,IoT-PRO,2024-02-09,True
1202,DEVICE_01202,IoT-PRO,2023-01-19,True
1203,DEVICE_01203,IoT-X2,2023-06-16,True
1204,DEVICE_01204,IoT-X2,2022-07-03,True
1205,DEVICE_01205,IoT-X2,2023-12-31,True
1206,DEVICE_01206,IoT-X2,2023-06-23,True
1207,DEVICE_01207,IoT-PRO,2023-05-10,True
1208,DEVICE_01208,IoT-PRO,2023-05-22,True
1209,DEVICE_01209,IoT-X2,2022-10-02,True
1210,DEVICE_01210,IoT-PRO,2023-02-15,True
1211,DEVICE_01211,IoT-PRO,2023-08-21,True
1212,DEVICE_01212,IoT-PRO,2022-02-07,True
1213,DEVICE_01213,IoT-X1,2022-08-13,True
1214,DEVICE_01214,IoT-X1,2023-04-08,True
1215,DEVICE_01215,IoT-X1,2023-02-10,True
1216,DEVICE_01216,IoT-X1,2022-11-10,True
1217,DEVICE_01217,IoT-X2,2023-01-22,True
1218,DEVICE_01218,IoT-PRO,2022-06-10,True
1219,DEVICE_01219,IoT-X2,2022-09-18,True
1220,DEVICE_01220,IoT-PRO,2022-03-28,True
1221,DEVICE_01221,IoT-X1,2024-02-09,True
1222,DEVICE_01222,IoT-X1,2022-10-30,True
1223,DEVICE_01223,IoT-X2,2023-06-16,True
1224,DEVICE_01224,IoT-X2,2022-08-24,True
1225,DEVICE_01225,IoT-PRO,2022-02-12,True
1226,DEVICE_01226,IoT-X2,2023-06-09,True
1227,DEVICE_01227,IoT-PRO,2022-12-11,True
1228,DEVICE_01228,IoT-X2,2023-04-07,True
1229,DEVICE_01229,IoT-X2,2023-03-19,True
1230,DEVICE_01230,IoT-X2,2023-01-12,True
1231,DEVICE_01231,IoT-X2,2022-11-21,True
1232,DEVICE_01232,IoT-X2,2023-01-27,True
1233,DEVICE_01233,IoT-X1,2022-07-03,True
1234,DEVICE_01234,IoT-X2,2022-08-28,True
1235,DEVICE_01235,IoT-X2,2023-10-23,True
1236,DEVICE_01236,IoT-X1,2023-01-03,True
1237,DEVICE_01237,IoT-X1,2022-10-29,True
1238,DEVICE_01238,IoT-PRO,2023-06-10,True
1239,DEVICE_01239,IoT-PRO,2023-10-22,True
1240,DEVICE_01240,IoT-X1,2022-10-11,True
1241,DEVICE_01241,IoT-X1,2022-04-11,True
1242,DEVICE_01242,IoT-X1,2022-03-15,True
1243,DEVICE_01243,IoT-X2,2022-02-09,True
1244,DEVICE_01244,IoT-PRO,2022-07-25,True
1245,DEVICE_01245,IoT-X2,2022-07-21,True
1246,DEVICE_01246,IoT-PRO,2022-12-04,True
1247,DEVICE_01247,IoT-X2,2022-11-06,True
1248,DEVICE_01248,IoT-PRO,2024-02-26,True
1249,DEVICE_01249,IoT-PRO,2022-10-09,True
1250,DEVICE_01250,IoT-X1,2023-12-24,True
1251,DEVICE_01251,IoT-PRO,2022-05-22,True
1252,DEVICE_01252,IoT-PRO,2024-01-28,True
1253,DEVICE_01253,IoT-PRO,2022-09-25,True
1254,DEVICE_01254,IoT-X1,2024-02-28,True
1255,DEVICE_01255,IoT-X2,2022-10-16,True
1256,DEVICE_01256,IoT-X2,2023-02-18,True
1257,DEVICE_01257,IoT-X2,2023-08-17,True
1258,DEVICE_01258,IoT-PRO,2022-01-13,True
1259,DEVICE_01259,IoT-X2,2023-11-01,True
1260,DEVICE_01260,IoT-PRO,2024-02-19,True
1261,DEVICE_01261,IoT-X1,2023-02-12,True
1262,DEVICE_01262,IoT-X1,2022-08-21,True
1263,DEVICE_01263,IoT-PRO,2024-02-07,True
1264,DEVICE_01264,IoT-X1,2023-05-01,True
1265,DEVICE_01265,IoT-X1,2023-06-13,True
1266,DEVICE_01266,IoT-PRO,2023-07-20,True
1267,DEVICE_01267,IoT-X2,2024-01-10,True
1268,DEVICE_01268,IoT-X2,2022-12-15,True
1269,DEVICE_01269,IoT-X1,2022-11-17,True
1270,DEVICE_01270,IoT-X1,2023-03-16,True
1271,DEVICE_01271,IoT-PRO,2023-03-04,True
1272,DEVICE_01272,IoT-X1,2023-03-26,True
1273,DEVICE_01273,IoT-X2,2023-07-26,True
1274,DEVICE_01274,IoT-X1,2023-01-19,True
1275,DEVICE_01275,IoT-X1,2023-08-15,True
1276,DEVICE_01276,IoT-X1,2022-11-09,True
1277,DEVICE_01277,IoT-PRO,2022-01-10,True
1278,DEVICE_01278,IoT-X2,2023-11-06,True
1279,DEVICE_01279,IoT-X2,2022-12-14,True
1280,DEVICE_01280,IoT-X1,2023-03-06,True
1281,DEVICE_01281,IoT-X2,2023-12-04,True
1282,DEVICE_01282,IoT-X2,2024-02-21,True
1283,DEVICE_01283,IoT-PRO,2023-07-05,True
1284,DEVICE_01284,IoT-X2,2022-11-30,True
1285,DEVICE_01285,IoT-PRO,2022-01-24,True
1286,DEVICE_01286,IoT-PRO,2022-02-02,True
1287,DEVICE_01287,IoT-X1,2022-06-07,True
1288,DEVICE_01288,IoT-X2,2023-08-05,True
1289,DEVICE_01289,IoT-PRO,2023-09-10,True
1290,DEVICE_01290,IoT-PRO,2023-08-11,True
1291,DEVICE_01291,IoT-X2,2023-01-26,True
1292,DEVICE_01292,IoT-X1,2023-02-05,True
1293,DEVICE_01293,IoT-X1,2023-07-02,True
1294,DEVICE_01294,IoT-X2,2022-07-12,True
1295,DEVICE_01295,IoT-X2,2022-04-22,True
1296,DEVICE_01296,IoT-X2,2023-08-07,True
1297,DEVICE_01297,IoT-X2,2023-10-17,True
1298,DEVICE_01298,IoT-X2,2022-04-06,True
1299,DEVICE_01299,IoT-X1,2022-04-17,True
1300,DEVICE_01300,IoT-PRO,2023-07-21,True
1301,DEVICE_01301,IoT-X1,2022-02-02,True
1302,DEVICE_01302,IoT-PRO,2023-09-10,True
1303,DEVICE_01303,IoT-X2,2022-01-28,True
1304,DEVICE_01304,IoT-X1,2022-07-23,True
1305,DEVICE_01305,IoT-X1,2023-01-31,True
1306,DEVICE_01306,IoT-X2,2022-07-30,True
1307,DEVICE_01307,IoT-X1,2022-10-26,True
1308,DEVICE_01308,IoT-PRO,2023-06-21,True
1309,DEVICE_01309,IoT-X1,2023-04-11,True
1310,DEVICE_01310,IoT-X1,2023-01-13,True
1311,DEVICE_01311,IoT-PRO,2022-01-12,True
1312,DEVICE_01312,IoT-X1,2022-12-01,True
1313,DEVICE_01313,IoT-X2,2023-02-05,True
1314,DEVICE_01314,IoT-X1,2022-04-24,True
1315,DEVICE_01315,IoT-X1,2023-07-04,True
1316,DEVICE_01316,IoT-X2,2023-05-05,True
1317,DEVICE_01317,IoT-PRO,2022-03-12,True
1318,DEVICE_01318,IoT-X2,2022-07-31,True
1319,DEVICE_01319,IoT-X1,2022-07-30,True
1320,DEVICE_01320,IoT-X2,2023-03-19,True
1321,DEVICE_01321,IoT-PRO,2023-11-12,True
1322,DEVICE_01322,IoT-X2,2022-06-12,True
1323,DEVICE_01323,IoT-PRO,2023-08-12,True
1324,DEVICE_01324,IoT-X2,2023-08-25,True
1325,DEVICE_01325,IoT-X1,2023-05-30,True
1326,DEVICE_01326,IoT-PRO,2023-12-03,True
1327,DEVICE_01327,IoT-X2,2022-10-10,True
1328,DEVICE_01328,IoT-X1,2022-01-08,True
1329,DEVICE_01329,IoT-X1,2023-04-02,True
1330,DEVICE_01330,IoT-X1,2023-02-13,True
1331,DEVICE_01331,IoT-PRO,2022-09-10,True
1332,DEVICE_01332,IoT-PRO,2022-12-03,True
1333,DEVICE_01333,IoT-PRO,2023-05-18,True
1334,DEVICE_01334,IoT-X2,2023-04-19,True
1335,DEVICE_01335,IoT-PRO,2022-02-10,True
1336,DEVICE_01336,IoT-PRO,2022-04-04,True
1337,DEVICE_01337,IoT-X2,2023-10-24,True
1338,DEVICE_01338,IoT-X2,2022-12-22,True
1339,DEVICE_01339,IoT-PRO,2023-12-30,True
1340,DEVICE_01340,IoT-X2,2023-02-05,True
1341,DEVICE_01341,IoT-PRO,2022-06-29,True
1342,DEVICE_01342,IoT-X2,2022-09-13,True
1343,DEVICE_01343,IoT-X1,2023-09-25,True
1344,DEVICE_01344,IoT-PRO,2023-03-19,True
1345,DEVICE_01345,IoT-X2,2023-01-29,True
1346,DEVICE_01346,IoT-PRO,2022-07-07,True
1347,DEVICE_01347,IoT-PRO,2023-08-06,True
1348,DEVICE_01348,IoT-X1,2023-02-07,True
1349,DEVICE_01349,IoT-PRO,2022-02-14,True
1350,DEVICE_01350,IoT-X1,2022-06-11,True
1351,DEVICE_01351,IoT-X2,2023-10-06,True
1352,DEVICE_01352,IoT-PRO,2022-10-26,True
1353,DEVICE_01353,IoT-PRO,2022-03-10,True
1354,DEVICE_01354,IoT-PRO,2024-01-14,True
1355,DEVICE_01355,IoT-PRO,2022-08-11,True
1356,DEVICE_01356,IoT-X2,2023-02-26,True
1357,DEVICE_01357,IoT-PRO,2022-05-05,True
1358,DEVICE_01358,IoT-X2,2022-03-20,True
1359,DEVICE_01359,IoT-X1,2023-06-01,True
1360,DEVICE_01360,IoT-X2,2023-02-24,True
1361,DEVICE_01361,IoT-X2,2022-06-18,True
1362,DEVICE_01362,IoT-X2,2022-08-01,True
1363,DEVICE_01363,IoT-PRO,2022-02-15,True
1364,DEVICE_01364,IoT-X2,2022-01-28,True
1365,DEVICE_01365,IoT-X1,2023-10-17,True
1366,DEVICE_01366,IoT-PRO,2023-11-23,True
1367,DEVICE_01367,IoT-PRO,2023-04-18,True
1368,DEVICE_01368,IoT-X2,2022-12-18,True
1369,DEVICE_01369,IoT-PRO,2023-02-13,True
1370,DEVICE_01370,IoT-X1,2023-02-11,True
1371,DEVICE_01371,IoT-X1,2022-01-11,True
1372,DEVICE_01372,IoT-X2,2022-04-28,True
1373,DEVICE_01373,IoT-PRO,2022-05-20,True
1374,DEVICE_01374,IoT-X2,2023-11-18,True
1375,DEVICE_01375,IoT-PRO,2023-04-21,True
1376,DEVICE_01376,IoT-X2,2023-04-18,True
1377,DEVICE_01377,IoT-X1,2022-03-26,True
1378,DEVICE_01378,IoT-PRO,2023-11-04,True
1379,DEVICE_01379,IoT-X1,2024-01-01,True
1380,DEVICE_01380,IoT-X2,2022-05-24,True
1381,DEVICE_01381,IoT-X2,2022-10-13,True
1382,DEVICE_01382,IoT-X1,2022-06-24,True
1383,DEVICE_01383,IoT-X1,2023-09-14,True
1384,DEVICE_01384,IoT-X1,2022-07-01,True
1385,DEVICE_01385,IoT-X2,2022-05-08,True
1386,DEVICE_01386,IoT-PRO,2024-01-30,True
1387,DEVICE_01387,IoT-X2,2022-06-22,True
1388,DEVICE_01388,IoT-X1,2023-11-19,True
1389,DEVICE_01389,IoT-X1,2023-11-25,True
1390,DEVICE_01390,IoT-X2,2022-06-07,True
1391,DEVICE_01391,IoT-X2,2023-01-02,True
1392,DEVICE_01392,IoT-X1,2022-08-10,True
1393,DEVICE_01393,IoT-PRO,2022-02-05,True
1394,DEVICE_01394,IoT-PRO,2023-06-30,True
1395,DEVICE_01395,IoT-X1,2023-03-29,True
1396,DEVICE_01396,IoT-PRO,2022-02-18,True
1397,DEVICE_01397,IoT-PRO,2023-06-20,True
1398,DEVICE_01398,IoT-PRO,2023-11-10,True
1399,DEVICE_01399,IoT-PRO,2023-11-07,True
1400,DEVICE_01400,IoT-X1,2023-02-04,True
1401,DEVICE_01401,IoT-PRO,2022-11-12,True
1402,DEVICE_01402,IoT-X2,2022-02-23,True
1403,DEVICE_01403,IoT-PRO,2022-01-05,True
1404,DEVICE_01404,IoT-X1,2024-03-01,True
1405,DEVICE_01405,IoT-X2,2024-02-25,True
1406,DEVICE_01406,IoT-X1,2022-09-13,True
1407,DEVICE_01407,IoT-X2,2022-09-02,True
1408,DEVICE_01408,IoT-X1,2022-04-04,True
1409,DEVICE_01409,IoT-X1,2023-03-08,True
1410,DEVICE_01410,IoT-X1,2022-01-15,True
1411,DEVICE_01411,IoT-X2,2022-07-16,True
1412,DEVICE_01412,IoT-PRO,2023-11-17,True
1413,DEVICE_01413,IoT-X1,2022-08-14,True
1414,DEVICE_01414,IoT-X1,2023-11-12,True
1415,DEVICE_01415,IoT-X1,2024-01-12,True
1416,DEVICE_01416,IoT-X1,2022-02-15,True
1417,DEVICE_01417,IoT-X2,2023-06-09,True
1418,DEVICE_01418,IoT-X1,2022-12-01,True
1419,DEVICE_01419,IoT-X2,2023-07-30,True
1420,DEVICE_01420,IoT-PRO,2022-07-14,True
1421,DEVICE_01421,IoT-PRO,2022-08-01,True
1422,DEVICE_01422,IoT-PRO,2023-02-09,True
1423,DEVICE_01423,IoT-X2,2022-05-04,True
1424,DEVICE_01424,IoT-X1,2022-08-07,True
1425,DEVICE_01425,IoT-X1,2023-01-01,True
1426,DEVICE_01426,IoT-X2,2022-06-27,True
1427,DEVICE_01427,IoT-X1,2023-02-16,True
1428,DEVICE_01428,IoT-PRO,2022-11-20,True
1429,DEVICE_01429,IoT-X1,2023-02-03,True
1430,DEVICE_01430,IoT-X1,2023-04-15,True
1431,DEVICE_01431,IoT-X1,2022-03-09,True
1432,DEVICE_01432,IoT-PRO,2022-10-13,True
1433,DEVICE_01433,IoT-PRO,2023-10-01,True
1434,DEVICE_01434,IoT-X2,2022-02-14,True
1435,DEVICE_01435,IoT-X1,2022-08-12,True
1436,DEVICE_01436,IoT-X2,2022-11-05,True
1437,DEVICE_01437,IoT-PRO,2023-05-27,True
1438,DEVICE_01438,IoT-X1,2023-12-31,True
1439,DEVICE_01439,IoT-PRO,2023-08-06,True
1440,DEVICE_01440,IoT-X1,2022-09-15,True
1441,DEVICE_01441,IoT-X1,2023-09-07,True
1442,DEVICE_01442,IoT-X2,2023-10-09,True
1443,DEVICE_01443,IoT-PRO,2023-02-02,True
1444,DEVICE_01444,IoT-PRO,2024-02-29,True
1445,DEVICE_01445,IoT-PRO,2022-05-17,True
1446,DEVICE_01446,IoT-X2,2022-06-29,True
1447,DEVICE_01447,IoT-PRO,2024-02-19,True
1448,DEVICE_01448,IoT-PRO,2022-11-22,True
1449,DEVICE_01449,IoT-PRO,2023-05-09,True
1450,DEVICE_01450,IoT-X1,2022-12-10,True
1451,DEVICE_01451,IoT-X1,2023-09-16,True
1452,DEVICE_01452,IoT-PRO,2023-04-05,True
1453,DEVICE_01453,IoT-X2,2023-06-08,True
1454,DEVICE_01454,IoT-PRO,2024-01-30,True
1455,DEVICE_01455,IoT-X1,2023-05-31,True
1456,DEVICE_01456,IoT-PRO,2023-12-23,True
1457,DEVICE_01457,IoT-X1,2022-08-27,True
1458,DEVICE_01458,IoT-X1,2023-09-24,True
1459,DEVICE_01459,IoT-X1,2022-11-13,True
1460,DEVICE_01460,IoT-X1,2024-01-26,True
1461,DEVICE_01461,IoT-X2,2024-02-15,True
1462,DEVICE_01462,IoT-X1,2023-09-27,True
1463,DEVICE_01463,IoT-X1,2022-03-03,True
1464,DEVICE_01464,IoT-X1,2023-01-19,True
1465,DEVICE_01465,IoT-X2,2022-10-31,True
1466,DEVICE_01466,IoT-X1,2022-06-05,True
1467,DEVICE_01467,IoT-X2,2022-07-29,True
1468,DEVICE_01468,IoT-PRO,2022-02-08,True
1469,DEVICE_01469,IoT-X1,2024-01-13,True
1470,DEVICE_01470,IoT-PRO,2023-03-31,True
1471,DEVICE_01471,IoT-PRO,2022-12-03,True
1472,DEVICE_01472,IoT-X1,2022-10-12,True
1473,DEVICE_01473,IoT-X2,2023-10-22,True
1474,DEVICE_01474,IoT-X1,2023-06-18,True
1475,DEVICE_01475,IoT-X2,2023-10-26,True
1476,DEVICE_01476,IoT-X2,2024-02-08,True
1477,DEVICE_01477,IoT-X1,2022-08-23,True
1478,DEVICE_01478,IoT-PRO,2022-12-06,True
1479,DEVICE_01479,IoT-X2,2022-09-06,True
1480,DEVICE_01480,IoT-X1,2023-07-07,True
1481,DEVICE_01481,IoT-X1,2023-11-12,True
1482,DEVICE_01482,IoT-X1,2023-12-05,True
1483,DEVICE_01483,IoT-PRO,2024-01-07,True
1484,DEVICE_01484,IoT-X1,2023-09-15,True
1485,DEVICE_01485,IoT-X2,2023-06-18,True
1486,DEVICE_01486,IoT-X2,2022-07-07,True
1487,DEVICE_01487,IoT-X2,2023-10-07,True
1488,DEVICE_01488,IoT-X1,2022-03-08,True
1489,DEVICE_01489,IoT-X2,2022-03-13,True
1490,DEVICE_01490,IoT-X1,2022-02-23,True
1491,DEVICE_01491,IoT-PRO,2022-05-25,True
1492,DEVICE_01492,IoT-X1,2022-05-09,True
1493,DEVICE_01493,IoT-X1,2022-06-27,True
1494,DEVICE_01494,IoT-PRO,2023-07-17,True
1495,DEVICE_01495,IoT-X1,2022-08-30,True
1496,DEVICE_01496,IoT-PRO,2022-03-22,True
1497,DEVICE_01497,IoT-X2,2024-01-13,True
1498,DEVICE_01498,IoT-X2,2022-11-15,True
1499,DEVICE_01499,IoT-X1,2024-01-09,True
1500,DEVICE_01500,IoT-X1,2022-09-08,True
1501,DEVICE_01501,IoT-X2,2022-06-30,True
1502,DEVICE_01502,IoT-PRO,2022-09-12,True
1503,DEVICE_01503,IoT-X2,2022-10-20,True
1504,DEVICE_01504,IoT-PRO,2023-04-05,True
1505,DEVICE_01505,IoT-PRO,2022-07-26,True
1506,DEVICE_01506,IoT-X2,2024-03-11,True
1507,DEVICE_01507,IoT-X2,2022-03-23,True
1508,DEVICE_01508,IoT-X2,2023-02-12,True
1509,DEVICE_01509,IoT-X2,2022-06-21,True
1510,DEVICE_01510,IoT-X2,2023-03-28,True
1511,DEVICE_01511,IoT-X2,2023-06-02,True
1512,DEVICE_01512,IoT-PRO,2024-01-23,True
1513,DEVICE_01513,IoT-X2,2024-02-18,True
1514,DEVICE_01514,IoT-X1,2023-05-09,True
1515,DEVICE_01515,IoT-X1,2024-02-20,True
1516,DEVICE_01516,IoT-X2,2023-03-14,True
1517,DEVICE_01517,IoT-X1,2024-02-17,True
1518,DEVICE_01518,IoT-X2,2023-09-02,True
1519,DEVICE_01519,IoT-PRO,2022-06-06,True
1520,DEVICE_01520,IoT-PRO,2024-01-15,True
1521,DEVICE_01521,IoT-X1,2022-09-21,True
1522,DEVICE_01522,IoT-X2,2023-04-20,True
1523,DEVICE_01523,IoT-X2,2023-04-10,True
1524,DEVICE_01524,IoT-X2,2023-01-20,True
1525,DEVICE_01525,IoT-PRO,2023-09-13,True
1526,DEVICE_01526,IoT-X2,2022-03-15,True
1527,DEVICE_01527,IoT-X2,2022-05-20,True
1528,DEVICE_01528,IoT-PRO,2023-04-26,True
1529,DEVICE_01529,IoT-X1,2022-06-08,True
1530,DEVICE_01530,IoT-X1,2022-01-05,True
1531,DEVICE_01531,IoT-X1,2023-05-28,True
1532,DEVICE_01532,IoT-PRO,2024-01-13,True
1533,DEVICE_01533,IoT-X2,2023-05-19,True
1534,DEVICE_01534,IoT-X2,2023-03-02,True
1535,DEVICE_01535,IoT-X2,2024-01-31,True
1536,DEVICE_01536,IoT-X2,2023-01-29,True
1537,DEVICE_01537,IoT-X2,2022-11-12,True
1538,DEVICE_01538,IoT-PRO,2023-08-26,True
1539,DEVICE_01539,IoT-X1,2023-02-23,True
1540,DEVICE_01540,IoT-X1,2022-05-08,True
1541,DEVICE_01541,IoT-X2,2023-08-03,True
1542,DEVICE_01542,IoT-X1,2022-07-18,True
1543,DEVICE_01543,IoT-X2,2022-09-19,True
1544,DEVICE_01544,IoT-PRO,2022-12-23,True
1545,DEVICE_01545,IoT-PRO,2023-12-28,True
1546,DEVICE_01546,IoT-X2,2023-10-13,True
1547,DEVICE_01547,IoT-PRO,2023-01-13,True
1548,DEVICE_01548,IoT-PRO,2022-03-01,True
1549,DEVICE_01549,IoT-PRO,2023-01-30,True
1550,DEVICE_01550,IoT-X2,2024-01-24,True
1551,DEVICE_01551,IoT-X1,2022-09-06,True
1552,DEVICE_01552,IoT-X2,2022-02-05,True
1553,DEVICE_01553,IoT-X2,2023-10-09,True
1554,DEVICE_01554,IoT-PRO,2023-11-24,True
1555,DEVICE_01555,IoT-X1,2023-12-16,True
1556,DEVICE_01556,IoT-PRO,2023-10-23,True
1557,DEVICE_01557,IoT-X1,2022-09-25,True
1558,DEVICE_01558,IoT-PRO,2023-04-12,True
1559,DEVICE_01559,IoT-PRO,2022-05-31,True
1560,DEVICE_01560,IoT-X2,2022-09-11,True
1561,DEVICE_01561,IoT-PRO,2023-08-16,True
1562,DEVICE_01562,IoT-PRO,2022-06-15,True
1563,DEVICE_01563,IoT-X1,2022-04-30,True
1564,DEVICE_01564,IoT-X1,2023-10-22,True
1565,DEVICE_01565,IoT-PRO,2023-01-29,True
1566,DEVICE_01566,IoT-X2,2023-12-25,True
1567,DEVICE_01567,IoT-PRO,2022-03-24,True
1568,DEVICE_01568,IoT-PRO,2022-07-13,True
1569,DEVICE_01569,IoT-X2,2022-06-19,True
1570,DEVICE_01570,IoT-X2,2022-09-16,True
1571,DEVICE_01571,IoT-PRO,2022-11-06,True
1572,DEVICE_01572,IoT-PRO,2023-06-30,True
1573,DEVICE_01573,IoT-PRO,2023-01-27,True
1574,DEVICE_01574,IoT-PRO,2022-11-12,True
1575,DEVICE_01575,IoT-PRO,2023-02-26,True
1576,DEVICE_01576,IoT-PRO,2022-04-02,True
1577,DEVICE_01577,IoT-X1,2023-10-14,True
1578,DEVICE_01578,IoT-PRO,2024-03-06,True
1579,DEVICE_01579,IoT-X2,2022-05-27,True
1580,DEVICE_01580,IoT-X2,2024-02-06,True
1581,DEVICE_01581,IoT-X1,2024-02-06,True
1582,DEVICE_01582,IoT-X2,2023-12-17,True
1583,DEVICE_01583,IoT-X2,2022-01-07,True
1584,DEVICE_01584,IoT-X1,2023-05-19,True
1585,DEVICE_01585,IoT-X1,2022-04-10,True
1586,DEVICE_01586,IoT-X1,2024-03-03,True
1587,DEVICE_01587,IoT-PRO,2023-03-04,True
1588,DEVICE_01588,IoT-PRO,2023-03-03,True
1589,DEVICE_01589,IoT-PRO,2022-10-23,True
1590,DEVICE_01590,IoT-PRO,2023-03-18,True
1591,DEVICE_01591,IoT-X1,2022-06-30,True
1592,DEVICE_01592,IoT-X2,2022-07-10,True
1593,DEVICE_01593,IoT-PRO,2022-05-18,True
1594,DEVICE_01594,IoT-X1,2023-05-14,True
1595,DEVICE_01595,IoT-X1,2023-05-30,True
1596,DEVICE_01596,IoT-X1,2023-04-07,True
1597,DEVICE_01597,IoT-PRO,2022-08-06,True
1598,DEVICE_01598,IoT-X1,2022-07-25,True
1599,DEVICE_01599,IoT-X1,2024-02-07,True
1600,DEVICE_01600,IoT-X1,2024-02-17,True
1601,DEVICE_01601,IoT-X1,2022-09-23,True
1602,DEVICE_01602,IoT-X2,2023-03-28,True
1603,DEVICE_01603,IoT-PRO,2023-10-02,True
1604,DEVICE_01604,IoT-X1,2023-10-14,True
1605,DEVICE_01605,IoT-X1,2022-03-23,True
1606,DEVICE_01606,IoT-X2,2022-03-29,True
1607,DEVICE_01607,IoT-X2,2022-05-08,True
1608,DEVICE_01608,IoT-X2,2022-03-07,True
1609,DEVICE_01609,IoT-X2,2022-01-31,True
1610,DEVICE_01610,IoT-PRO,2022-08-29,True
1611,DEVICE_01611,IoT-X2,2023-05-12,True
1612,DEVICE_01612,IoT-PRO,2024-02-18,True
1613,DEVICE_01613,IoT-X1,2022-01-10,True
1614,DEVICE_01614,IoT-X1,2022-09-30,True
1615,DEVICE_01615,IoT-X1,2023-11-13,True
1616,DEVICE_01616,IoT-PRO,2022-02-12,True
1617,DEVICE_01617,IoT-X1,2022-08-05,True
1618,DEVICE_01618,IoT-PRO,2022-01-08,True
1619,DEVICE_01619,IoT-X2,2023-09-10,True
1620,DEVICE_01620,IoT-PRO,2024-02-19,True
1621,DEVICE_01621,IoT-X2,2023-05-13,True
1622,DEVICE_01622,IoT-X2,2024-02-15,True
1623,DEVICE_01623,IoT-X2,2023-09-11,True
1624,DEVICE_01624,IoT-X2,2022-12-11,True
1625,DEVICE_01625,IoT-X2,2023-11-30,True
1626,DEVICE_01626,IoT-X2,2022-11-19,True
1627,DEVICE_01627,IoT-X1,2023-01-05,True
1628,DEVICE_01628,IoT-PRO,2023-02-13,True
1629,DEVICE_01629,IoT-X2,2023-09-18,True
1630,DEVICE_01630,IoT-X1,2022-12-31,True
1631,DEVICE_01631,IoT-X2,2022-04-13,True
1632,DEVICE_01632,IoT-X1,2023-04-13,True
1633,DEVICE_01633,IoT-PRO,2023-02-16,True
1634,DEVICE_01634,IoT-PRO,2022-05-23,True
1635,DEVICE_01635,IoT-X1,2023-09-09,True
1636,DEVICE_01636,IoT-X1,2023-06-28,True
1637,DEVICE_01637,IoT-X2,2023-12-18,True
1638,DEVICE_01638,IoT-X1,2023-01-13,True
1639,DEVICE_01639,IoT-X2,2023-09-26,True
1640,DEVICE_01640,IoT-PRO,2023-11-06,True
1641,DEVICE_01641,IoT-X2,2023-06-12,True
1642,DEVICE_01642,IoT-X2,2023-11-08,True
1643,DEVICE_01643,IoT-X1,2022-01-04,True
1644,DEVICE_01644,IoT-PRO,2022-11-26,True
1645,DEVICE_01645,IoT-X1,2023-10-11,True
1646,DEVICE_01646,IoT-X2,2022-02-16,True
1647,DEVICE_01647,IoT-PRO,2022-11-30,True
1648,DEVICE_01648,IoT-PRO,2023-03-31,True
1649,DEVICE_01649,IoT-X1,2023-09-14,True
1650,DEVICE_01650,IoT-X2,2023-02-14,True
1651,DEVICE_01651,IoT-PRO,2023-09-20,True
1652,DEVICE_01652,IoT-X1,2022-12-23,True
1653,DEVICE_01653,IoT-X2,2023-05-03,True
1654,DEVICE_01654,IoT-PRO,2023-12-18,True
1655,DEVICE_01655,IoT-X1,2024-01-22,True
1656,DEVICE_01656,IoT-X2,2022-10-28,True
1657,DEVICE_01657,IoT-PRO,2022-07-19,True
1658,DEVICE_01658,IoT-PRO,2022-05-27,True
1659,DEVICE_01659,IoT-PRO,2023-08-09,True
1660,DEVICE_01660,IoT-PRO,2023-06-01,True
1661,DEVICE_01661,IoT-X1,2022-05-11,True
1662,DEVICE_01662,IoT-X2,2022-03-31,True
1663,DEVICE_01663,IoT-X2,2023-11-21,True
1664,DEVICE_01664,IoT-PRO,2023-04-24,True
1665,DEVICE_01665,IoT-X1,2023-04-02,True
1666,DEVICE_01666,IoT-X1,2023-05-09,True
1667,DEVICE_01667,IoT-PRO,2023-07-08,True
1668,DEVICE_01668,IoT-X1,2022-09-07,True
1669,DEVICE_01669,IoT-X1,2022-06-24,True
1670,DEVICE_01670,IoT-PRO,2023-12-18,True
1671,DEVICE_01671,IoT-X1,2022-04-19,True
1672,DEVICE_01672,IoT-X2,2024-01-03,True
1673,DEVICE_01673,IoT-X1,2022-06-14,True
1674,DEVICE_01674,IoT-X2,2023-01-28,True
1675,DEVICE_01675,IoT-X2,2022-08-14,True
1676,DEVICE_01676,IoT-PRO,2022-09-21,True
1677,DEVICE_01677,IoT-PRO,2023-05-03,True
1678,DEVICE_01678,IoT-PRO,2022-05-07,True
1679,DEVICE_01679,IoT-PRO,2022-05-20,True
1680,DEVICE_01680,IoT-PRO,2023-10-11,True
1681,DEVICE_01681,IoT-PRO,2023-05-19,True
1682,DEVICE_01682,IoT-X1,2023-12-10,True
1683,DEVICE_01683,IoT-X2,2022-08-18,True
1684,DEVICE_01684,IoT-PRO,2024-02-24,True
1685,DEVICE_01685,IoT-PRO,2022-03-08,True
1686,DEVICE_01686,IoT-PRO,2022-12-18,True
1687,DEVICE_01687,IoT-X2,2024-01-05,True
1688,DEVICE_01688,IoT-PRO,2024-01-24,True
1689,DEVICE_01689,IoT-PRO,2023-01-26,True
1690,DEVICE_01690,IoT-PRO,2023-10-20,True
1691,DEVICE_01691,IoT-PRO,2023-03-24,True
1692,DEVICE_01692,IoT-X1,2022-08-17,True
1693,DEVICE_01693,IoT-X2,2022-04-29,True
1694,DEVICE_01694,IoT-X2,2022-03-31,True
1695,DEVICE_01695,IoT-X1,2022-04-02,True
1696,DEVICE_01696,IoT-X2,2024-01-29,True
1697,DEVICE_01697,IoT-PRO,2022-07-12,True
1698,DEVICE_01698,IoT-PRO,2022-04-29,True
1699,DEVICE_01699,IoT-PRO,2023-01-12,True
1700,DEVICE_01700,IoT-X1,2022-11-17,True
1701,DEVICE_01701,IoT-X2,2023-08-14,True
1702,DEVICE_01702,IoT-PRO,2022-01-02,True
1703,DEVICE_01703,IoT-X2,2022-03-05,True
1704,DEVICE_01704,IoT-PRO,2023-07-03,True
1705,DEVICE_01705,IoT-X1,2023-02-02,True
1706,DEVICE_01706,IoT-X2,2022-11-24,True
1707,DEVICE_01707,IoT-X2,2023-11-27,True
1708,DEVICE_01708,IoT-X1,2023-06-17,True
1709,DEVICE_01709,IoT-PRO,2023-09-09,True
1710,DEVICE_01710,IoT-PRO,2022-08-16,True
1711,DEVICE_01711,IoT-X1,2023-02-09,True
1712,DEVICE_01712,IoT-X1,2023-07-06,True
1713,DEVICE_01713,IoT-X2,2022-11-20,True
1714,DEVICE_01714,IoT-X1,2022-10-31,True
1715,DEVICE_01715,IoT-X1,2023-05-27,True
1716,DEVICE_01716,IoT-PRO,2023-04-12,True
1717,DEVICE_01717,IoT-X1,2023-09-08,True
1718,DEVICE_01718,IoT-X2,2022-05-30,True
1719,DEVICE_01719,IoT-PRO,2023-11-13,True
1720,DEVICE_01720,IoT-PRO,2022-02-05,True
1721,DEVICE_01721,IoT-PRO,2022-11-24,True
1722,DEVICE_01722,IoT-X2,2023-05-30,True
1723,DEVICE_01723,IoT-PRO,2022-05-07,True
1724,DEVICE_01724,IoT-X2,2023-12-25,True
1725,DEVICE_01725,IoT-PRO,2023-05-05,True
1726,DEVICE_01726,IoT-PRO,2022-08-09,True
1727,DEVICE_01727,IoT-X2,2022-10-26,True
1728,DEVICE_01728,IoT-PRO,2023-01-21,True
1729,DEVICE_01729,IoT-X1,2022-12-08,True
1730,DEVICE_01730,IoT-X1,2024-01-04,True
1731,DEVICE_01731,IoT-X1,2024-01-21,True
1732,DEVICE_01732,IoT-X1,2023-12-19,True
1733,DEVICE_01733,IoT-PRO,2022-02-23,True
1734,DEVICE_01734,IoT-X1,2023-05-15,True
1735,DEVICE_01735,IoT-PRO,2023-02-06,True
1736,DEVICE_01736,IoT-X2,2023-11-07,True
1737,DEVICE_01737,IoT-X1,2022-01-23,True
1738,DEVICE_01738,IoT-PRO,2023-02-06,True
1739,DEVICE_01739,IoT-X2,2023-03-09,True
1740,DEVICE_01740,IoT-PRO,2023-04-30,True
1741,DEVICE_01741,IoT-X2,2024-02-15,True
1742,DEVICE_01742,IoT-X2,2023-02-05,True
1743,DEVICE_01743,IoT-X1,2023-06-25,True
1744,DEVICE_01744,IoT-PRO,2022-10-17,True
1745,DEVICE_01745,IoT-X2,2023-12-15,True
1746,DEVICE_01746,IoT-X1,2023-12-19,True
1747,DEVICE_01747,IoT-PRO,2023-02-08,True
1748,DEVICE_01748,IoT-X1,2022-05-15,True
1749,DEVICE_01749,IoT-X2,2024-02-10,True
1750,DEVICE_01750,IoT-PRO,2022-02-25,True
1751,DEVICE_01751,IoT-PRO,2022-11-08,True
1752,DEVICE_01752,IoT-X2,2023-11-02,True
1753,DEVICE_01753,IoT-X1,2023-08-15,True
1754,DEVICE_01754,IoT-X1,2023-03-29,True
1755,DEVICE_01755,IoT-PRO,2023-05-10,True
1756,DEVICE_01756,IoT-X2,2022-05-29,True
1757,DEVICE_01757,IoT-X1,2022-08-12,True
1758,DEVICE_01758,IoT-PRO,2022-07-20,True
1759,DEVICE_01759,IoT-PRO,2023-10-29,True
1760,DEVICE_01760,IoT-X1,2023-01-06,True
1761,DEVICE_01761,IoT-PRO,2023-08-13,True
1762,DEVICE_01762,IoT-X1,2023-11-26,True
1763,DEVICE_01763,IoT-X1,2023-01-21,True
1764,DEVICE_01764,IoT-X2,2023-11-27,True
1765,DEVICE_01765,IoT-X1,2022-02-27,True
1766,DEVICE_01766,IoT-X1,2022-12-31,True
1767,DEVICE_01767,IoT-X2,2022-07-03,True
1768,DEVICE_01768,IoT-X1,2022-05-01,True
1769,DEVICE_01769,IoT-PRO,2023-10-28,True
1770,DEVICE_01770,IoT-X2,2023-08-31,True
1771,DEVICE_01771,IoT-X2,2022-06-02,True
1772,DEVICE_01772,IoT-PRO,2024-01-10,True
1773,DEVICE_01773,IoT-X2,2022-09-08,True
1774,DEVICE_01774,IoT-X1,2022-05-02,True
1775,DEVICE_01775,IoT-X1,2023-02-11,True
1776,DEVICE_01776,IoT-X2,2022-11-06,True
1777,DEVICE_01777,IoT-PRO,2023-09-03,True
1778,DEVICE_01778,IoT-X1,2023-10-31,True
1779,DEVICE_01779,IoT-PRO,2023-01-20,True
1780,DEVICE_01780,IoT-PRO,2023-11-18,True
1781,DEVICE_01781,IoT-PRO,2022-04-02,True
1782,DEVICE_01782,IoT-X2,2023-10-28,True
1783,DEVICE_01783,IoT-X2,2022-10-09,True
1784,DEVICE_01784,IoT-PRO,2023-10-31,True
1785,DEVICE_01785,IoT-X2,2023-01-12,True
1786,DEVICE_01786,IoT-X1,2022-05-03,True
1787,DEVICE_01787,IoT-X1,2022-03-26,True
1788,DEVICE_01788,IoT-X1,2023-05-16,True
1789,DEVICE_01789,IoT-PRO,2023-11-16,True
1790,DEVICE_01790,IoT-PRO,2022-08-19,True
1791,DEVICE_01791,IoT-X1,2023-08-24,True
1792,DEVICE_01792,IoT-PRO,2023-08-10,True
1793,DEVICE_01793,IoT-X2,2022-10-08,True
1794,DEVICE_01794,IoT-PRO,2024-02-03,True
1795,DEVICE_01795,IoT-X1,2023-08-31,True
1796,DEVICE_01796,IoT-X1,2023-01-29,True
1797,DEVICE_01797,IoT-X2,2023-10-23,True
1798,DEVICE_01798,IoT-PRO,2023-03-21,True
1799,DEVICE_01799,IoT-X2,2023-08-09,True
1800,DEVICE_01800,IoT-X1,2022-04-12,True
1801,DEVICE_01801,IoT-X2,2022-03-07,True
1802,DEVICE_01802,IoT-PRO,2023-07-05,True
1803,DEVICE_01803,IoT-X1,2023-02-20,True
1804,DEVICE_01804,IoT-PRO,2022-01-21,True
1805,DEVICE_01805,IoT-X2,2023-07-24,True
1806,DEVICE_01806,IoT-PRO,2023-06-27,True
1807,DEVICE_01807,IoT-X2,2022-03-07,True
1808,DEVICE_01808,IoT-PRO,2023-08-22,True
1809,DEVICE_01809,IoT-PRO,2024-01-01,True
1810,DEVICE_01810,IoT-PRO,2022-05-08,True
1811,DEVICE_01811,IoT-X1,2023-11-06,True
1812,DEVICE_01812,IoT-X1,2022-07-05,True
1813,DEVICE_01813,IoT-PRO,2023-12-13,True
1814,DEVICE_01814,IoT-X1,2022-01-06,True
1815,DEVICE_01815,IoT-PRO,2023-04-03,True
1816,DEVICE_01816,IoT-X2,2022-05-06,True
1817,DEVICE_01817,IoT-X1,2022-05-12,True
1818,DEVICE_01818,IoT-PRO,2022-07-31,True
1819,DEVICE_01819,IoT-PRO,2022-06-15,True
1820,DEVICE_01820,IoT-X1,2023-07-30,True
1821,DEVICE_01821,IoT-X2,2024-02-11,True
1822,DEVICE_01822,IoT-X1,2022-03-28,True
1823,DEVICE_01823,IoT-X1,2023-06-03,True
1824,DEVICE_01824,IoT-X2,2023-01-08,True
1825,DEVICE_01825,IoT-PRO,2022-06-25,True
1826,DEVICE_01826,IoT-X2,2023-11-05,True
1827,DEVICE_01827,IoT-X1,2022-09-12,True
1828,DEVICE_01828,IoT-X2,2022-02-17,True
1829,DEVICE_01829,IoT-PRO,2022-10-28,True
1830,DEVICE_01830,IoT-PRO,2023-07-01,True
1831,DEVICE_01831,IoT-X2,2022-05-24,True
1832,DEVICE_01832,IoT-PRO,2023-05-18,True
1833,DEVICE_01833,IoT-PRO,2022-11-17,True
1834,DEVICE_01834,IoT-PRO,2022-12-27,True
1835,DEVICE_01835,IoT-PRO,2023-07-06,True
1836,DEVICE_01836,IoT-PRO,2022-08-03,True
1837,DEVICE_01837,IoT-PRO,2022-04-12,True
1838,DEVICE_01838,IoT-PRO,2022-02-15,True
1839,DEVICE_01839,IoT-X1,2022-02-07,True
1840,DEVICE_01840,IoT-X1,2022-05-26,True
1841,DEVICE_01841,IoT-X2,2022-08-09,True
1842,DEVICE_01842,IoT-X1,2023-09-09,True
1843,DEVICE_01843,IoT-PRO,2022-08-10,True
1844,DEVICE_01844,IoT-PRO,2023-01-03,True
1845,DEVICE_01845,IoT-X2,2022-05-12,True
1846,DEVICE_01846,IoT-PRO,2023-09-30,True
1847,DEVICE_01847,IoT-X2,2022-03-18,True
1848,DEVICE_01848,IoT-PRO,2022-09-19,True
1849,DEVICE_01849,IoT-X2,2023-01-26,True
1850,DEVICE_01850,IoT-PRO,2022-06-17,True
1851,DEVICE_01851,IoT-X2,2023-04-13,True
1852,DEVICE_01852,IoT-X1,2022-09-18,True
1853,DEVICE_01853,IoT-PRO,2023-03-12,True
1854,DEVICE_01854,IoT-PRO,2022-05-27,True
1855,DEVICE_01855,IoT-PRO,2022-07-28,True
1856,DEVICE_01856,IoT-X1,2023-10-07,True
1857,DEVICE_01857,IoT-PRO,2022-10-03,True
1858,DEVICE_01858,IoT-PRO,2023-12-15,True
1859,DEVICE_01859,IoT-PRO,2022-07-17,True
1860,DEVICE_01860,IoT-PRO,2023-01-17,True
1861,DEVICE_01861,IoT-PRO,2023-11-05,True
1862,DEVICE_01862,IoT-PRO,2023-06-08,True
1863,DEVICE_01863,IoT-PRO,2022-06-17,True
1864,DEVICE_01864,IoT-X2,2022-06-07,True
1865,DEVICE_01865,IoT-X2,2023-03-21,True
1866,DEVICE_01866,IoT-X2,2022-01-27,True
1867,DEVICE_01867,IoT-PRO,2022-09-11,True
1868,DEVICE_01868,IoT-X1,2022-10-04,True
1869,DEVICE_01869,IoT-X1,2023-06-29,True
1870,DEVICE_01870,IoT-X1,2023-12-02,True
1871,DEVICE_01871,IoT-PRO,2023-02-21,True
1872,DEVICE_01872,IoT-X1,2022-12-04,True
1873,DEVICE_01873,IoT-PRO,2022-04-02,True
1874,DEVICE_01874,IoT-X2,2022-12-08,True
1875,DEVICE_01875,IoT-X2,2022-05-30,True
1876,DEVICE_01876,IoT-X1,2022-10-08,True
1877,DEVICE_01877,IoT-X1,2022-04-11,True
1878,DEVICE_01878,IoT-X2,2022-08-16,True
1879,DEVICE_01879,IoT-X2,2022-04-18,True
1880,DEVICE_01880,IoT-X1,2022-06-29,True
1881,DEVICE_01881,IoT-PRO,2024-01-16,True
1882,DEVICE_01882,IoT-X2,2023-08-26,True
1883,DEVICE_01883,IoT-X2,2022-04-08,True
1884,DEVICE_01884,IoT-PRO,2022-12-24,True
1885,DEVICE_01885,IoT-PRO,2023-08-09,True
1886,DEVICE_01886,IoT-X2,2023-07-19,True
1887,DEVICE_01887,IoT-X2,2023-09-15,True
1888,DEVICE_01888,IoT-X1,2022-02-19,True
1889,DEVICE_01889,IoT-X1,2022-11-22,True
1890,DEVICE_01890,IoT-X2,2022-07-05,True
1891,DEVICE_01891,IoT-X2,2024-01-30,True
1892,DEVICE_01892,IoT-PRO,2023-06-29,True
1893,DEVICE_01893,IoT-PRO,2023-09-01,True
1894,DEVICE_01894,IoT-X2,2023-05-04,True
1895,DEVICE_01895,IoT-PRO,2022-05-11,True
1896,DEVICE_01896,IoT-X2,2022-01-10,True
1897,DEVICE_01897,IoT-PRO,2023-06-10,True
1898,DEVICE_01898,IoT-PRO,2022-06-09,True
1899,DEVICE_01899,IoT-PRO,2022-05-10,True
1900,DEVICE_01900,IoT-X1,2023-01-23,True
1901,DEVICE_01901,IoT-PRO,2024-01-24,True
1902,DEVICE_01902,IoT-X2,2022-02-24,True
1903,DEVICE_01903,IoT-PRO,2023-10-17,True
1904,DEVICE_01904,IoT-X2,2023-12-26,True
1905,DEVICE_01905,IoT-X1,2023-11-26,True
1906,DEVICE_01906,IoT-PRO,2023-03-05,True
1907,DEVICE_01907,IoT-PRO,2023-04-14,True
1908,DEVICE_01908,IoT-X1,2023-03-26,True
1909,DEVICE_01909,IoT-X2,2023-04-25,True
1910,DEVICE_01910,IoT-PRO,2022-10-21,True
1911,DEVICE_01911,IoT-X2,2023-03-15,True
1912,DEVICE_01912,IoT-PRO,2024-01-06,True
1913,DEVICE_01913,IoT-X1,2022-11-09,True
1914,DEVICE_01914,IoT-PRO,2022-03-31,True
1915,DEVICE_01915,IoT-X2,2023-02-21,True
1916,DEVICE_01916,IoT-X2,2022-04-03,True
1917,DEVICE_01917,IoT-PRO,2022-03-23,True
1918,DEVICE_01918,IoT-X1,2024-01-18,True
1919,DEVICE_01919,IoT-X1,2022-04-06,True
1920,DEVICE_01920,IoT-X1,2023-08-13,True
1921,DEVICE_01921,IoT-X1,2022-03-28,True
1922,DEVICE_01922,IoT-PRO,2022-10-20,True
1923,DEVICE_01923,IoT-PRO,2023-05-20,True
1924,DEVICE_01924,IoT-X1,2023-03-11,True
1925,DEVICE_01925,IoT-PRO,2023-06-05,True
1926,DEVICE_01926,IoT-PRO,2022-05-20,True
1927,DEVICE_01927,IoT-X2,2023-05-25,True
1928,DEVICE_01928,IoT-PRO,2023-12-03,True
1929,DEVICE_01929,IoT-PRO,2023-06-30,True
1930,DEVICE_01930,IoT-PRO,2022-05-08,True
1931,DEVICE_01931,IoT-X2,2022-01-15,True
1932,DEVICE_01932,IoT-PRO,2022-07-14,True
1933,DEVICE_01933,IoT-PRO,2022-01-08,True
1934,DEVICE_01934,IoT-PRO,2023-03-12,True
1935,DEVICE_01935,IoT-PRO,2023-07-02,True
1936,DEVICE_01936,IoT-PRO,2022-12-20,True
1937,DEVICE_01937,IoT-X1,2024-01-27,True
1938,DEVICE_01938,IoT-PRO,2023-06-25,True
1939,DEVICE_01939,IoT-PRO,2023-09-16,True
1940,DEVICE_01940,IoT-X1,2023-09-14,True
1941,DEVICE_01941,IoT-X2,2022-06-22,True
1942,DEVICE_01942,IoT-PRO,2024-02-22,True
1943,DEVICE_01943,IoT-PRO,2022-08-19,True
1944,DEVICE_01944,IoT-X1,2022-03-18,True
1945,DEVICE_01945,IoT-X2,2022-05-17,True
1946,DEVICE_01946,IoT-PRO,2022-12-28,True
1947,DEVICE_01947,IoT-X1,2023-03-09,True
1948,DEVICE_01948,IoT-X2,2023-01-24,True
1949,DEVICE_01949,IoT-X1,2023-01-18,True
1950,DEVICE_01950,IoT-X1,2022-12-13,True
1951,DEVICE_01951,IoT-PRO,2022-09-13,True
1952,DEVICE_01952,IoT-PRO,2024-02-24,True
1953,DEVICE_01953,IoT-X1,2022-10-25,True
1954,DEVICE_01954,IoT-X2,2023-05-10,True
1955,DEVICE_01955,IoT-X2,2022-09-29,True
1956,DEVICE_01956,IoT-X1,2022-01-03,True
1957,DEVICE_01957,IoT-PRO,2023-10-09,True
1958,DEVICE_01958,IoT-PRO,2023-02-08,True
1959,DEVICE_01959,IoT-X1,2022-11-09,True
1960,DEVICE_01960,IoT-PRO,2023-06-12,True
1961,DEVICE_01961,IoT-X1,2023-04-20,True
1962,DEVICE_01962,IoT-PRO,2023-05-15,True
1963,DEVICE_01963,IoT-X1,2022-12-31,True
1964,DEVICE_01964,IoT-X1,2023-09-23,True
1965,DEVICE_01965,IoT-X2,2022-12-03,True
1966,DEVICE_01966,IoT-X2,2022-12-29,True
1967,DEVICE_01967,IoT-X1,2022-01-06,True
1968,DEVICE_01968,IoT-X2,2024-01-10,True
1969,DEVICE_01969,IoT-X1,2023-02-16,True
1970,DEVICE_01970,IoT-X2,2022-01-10,True
1971,DEVICE_01971,IoT-X1,2023-03-18,True
1972,DEVICE_01972,IoT-X2,2022-07-22,True
1973,DEVICE_01973,IoT-X1,2023-06-26,True
1974,DEVICE_01974,IoT-PRO,2022-06-07,True
1975,DEVICE_01975,IoT-X2,2022-05-07,True
1976,DEVICE_01976,IoT-X2,2022-01-08,True
1977,DEVICE_01977,IoT-X1,2024-02-27,True
1978,DEVICE_01978,IoT-PRO,2022-09-14,True
1979,DEVICE_01979,IoT-X1,2023-04-27,True
1980,DEVICE_01980,IoT-X2,2023-01-19,True
1981,DEVICE_01981,IoT-X2,2023-01-09,True
1982,DEVICE_01982,IoT-X2,2022-07-06,True
1983,DEVICE_01983,IoT-PRO,2022-10-03,True
1984,DEVICE_01984,IoT-X1,2023-03-26,True
1985,DEVICE_01985,IoT-PRO,2023-03-26,True
1986,DEVICE_01986,IoT-X1,2022-05-24,True
1987,DEVICE_01987,IoT-X2,2024-02-05,True
1988,DEVICE_01988,IoT-X2,2022-01-06,True
1989,DEVICE_01989,IoT-X2,2023-12-28,True
1990,DEVICE_01990,IoT-X1,2022-04-24,True
1991,DEVICE_01991,IoT-X1,2022-10-19,True
1992,DEVICE_01992,IoT-X1,2022-05-17,True
1993,DEVICE_01993,IoT-X2,2023-03-08,True
1994,DEVICE_01994,IoT-PRO,2022-12-06,True
1995,DEVICE_01995,IoT-X1,2022-06-14,True
1996,DEVICE_01996,IoT-PRO,2022-07-23,True
1997,DEVICE_01997,IoT-X2,2023-11-13,True
1998,DEVICE_01998,IoT-X2,2022-05-02,True
1999,DEVICE_01999,IoT-X2,2023-05-16,True
2000,DEVICE_02000,IoT-PRO,2023-05-23,True
